1785627741.252791513 2415310, /usr/libexec/gnome-remote-desktop-daemon, 635
2418383, /usr/bin/sunshine, 508
2415327, /usr/libexec/xdg-desktop-portal-gnome, 19
2874859, /usr/bin/resources, 52
1785627741.506096942 2415310, /usr/libexec/gnome-remote-desktop-daemon, 635
2418383, /usr/bin/sunshine, 508
2415327, /usr/libexec/xdg-desktop-portal-gnome, 19
2874859, /usr/bin/resources, 52
1785627741.767963347 2415310, /usr/libexec/gnome-remote-desktop-daemon, 635
2418383, /usr/bin/sunshine, 508
2415327, /usr/libexec/xdg-desktop-portal-gnome, 19
2874859, /usr/bin/resources, 52
1785627742.048160922 2415310, /usr/libexec/gnome-remote-desktop-daemon, 635
2418383, /usr/bin/sunshine, 508
2415327, /usr/libexec/xdg-desktop-portal-gnome, 19
2874859, /usr/bin/resources, 52
1785627742.334303492 2415310, /usr/libexec/gnome-remote-desktop-daemon, 635
2418383, /usr/bin/sunshine, 508
2415327, /usr/libexec/xdg-desktop-portal-gnome, 19
2874859, /usr/bin/resources, 52
1785627742.588311827 2415310, /usr/libexec/gnome-remote-desktop-daemon, 635
2418383, /usr/bin/sunshine, 508
2415327, /usr/libexec/xdg-desktop-portal-gnome, 19
2874859, /usr/bin/resources, 52
889515, .venv-qn-gpu/bin/python, 12
1785627742.850086874 2415310, /usr/libexec/gnome-remote-desktop-daemon, 635
2418383, /usr/bin/sunshine, 508
2415327, /usr/libexec/xdg-desktop-portal-gnome, 19
2874859, /usr/bin/resources, 52
889515, .venv-qn-gpu/bin/python, 526
1785627743.115990997 2415310, /usr/libexec/gnome-remote-desktop-daemon, 635
2418383, /usr/bin/sunshine, 508
2415327, /usr/libexec/xdg-desktop-portal-gnome, 19
2874859, /usr/bin/resources, 52
889515, .venv-qn-gpu/bin/python, 526
1785627743.382891478 2415310, /usr/libexec/gnome-remote-desktop-daemon, 635
2418383, /usr/bin/sunshine, 508
2415327, /usr/libexec/xdg-desktop-portal-gnome, 19
2874859, /usr/bin/resources, 52
889515, .venv-qn-gpu/bin/python, 526
1785627743.638972277 2415310, /usr/libexec/gnome-remote-desktop-daemon, 635
2418383, /usr/bin/sunshine, 508
2415327, /usr/libexec/xdg-desktop-portal-gnome, 19
2874859, /usr/bin/resources, 52
889515, .venv-qn-gpu/bin/python, 526
1785627743.895611496 2415310, /usr/libexec/gnome-remote-desktop-daemon, 635
2418383, /usr/bin/sunshine, 508
2415327, /usr/libexec/xdg-desktop-portal-gnome, 19
2874859, /usr/bin/resources, 52
889515, .venv-qn-gpu/bin/python, 526
1785627744.159207931 2415310, /usr/libexec/gnome-remote-desktop-daemon, 635
2418383, /usr/bin/sunshine, 508
2415327, /usr/libexec/xdg-desktop-portal-gnome, 19
2874859, /usr/bin/resources, 52
889515, .venv-qn-gpu/bin/python, 534
1785627744.420551210 2415310, /usr/libexec/gnome-remote-desktop-daemon, 635
2418383, /usr/bin/sunshine, 508
2415327, /usr/libexec/xdg-desktop-portal-gnome, 19
2874859, /usr/bin/resources, 52
889515, .venv-qn-gpu/bin/python, 534
1785627744.684902429 2415310, /usr/libexec/gnome-remote-desktop-daemon, 635
2418383, /usr/bin/sunshine, 508
2415327, /usr/libexec/xdg-desktop-portal-gnome, 19
2874859, /usr/bin/resources, 52
889515, .venv-qn-gpu/bin/python, 534
1785627744.957386261 2415310, /usr/libexec/gnome-remote-desktop-daemon, 635
2418383, /usr/bin/sunshine, 508
2415327, /usr/libexec/xdg-desktop-portal-gnome, 19
2874859, /usr/bin/resources, 52
889515, .venv-qn-gpu/bin/python, 552
1785627745.221674796 2415310, /usr/libexec/gnome-remote-desktop-daemon, 635
2418383, /usr/bin/sunshine, 508
2415327, /usr/libexec/xdg-desktop-portal-gnome, 19
2874859, /usr/bin/resources, 52
889515, .venv-qn-gpu/bin/python, 534
1785627745.480688644 2415310, /usr/libexec/gnome-remote-desktop-daemon, 635
2418383, /usr/bin/sunshine, 508
2415327, /usr/libexec/xdg-desktop-portal-gnome, 19
2874859, /usr/bin/resources, 52
889515, .venv-qn-gpu/bin/python, 534
1785627745.751022124 2415310, /usr/libexec/gnome-remote-desktop-daemon, 635
2418383, /usr/bin/sunshine, 508
2415327, /usr/libexec/xdg-desktop-portal-gnome, 19
2874859, /usr/bin/resources, 52
889515, .venv-qn-gpu/bin/python, 534
1785627746.021756637 2415310, /usr/libexec/gnome-remote-desktop-daemon, 635
2418383, /usr/bin/sunshine, 508
2415327, /usr/libexec/xdg-desktop-portal-gnome, 19
2874859, /usr/bin/resources, 52
889515, .venv-qn-gpu/bin/python, 534
1785627746.278553873 2415310, /usr/libexec/gnome-remote-desktop-daemon, 635
2418383, /usr/bin/sunshine, 508
2415327, /usr/libexec/xdg-desktop-portal-gnome, 19
2874859, /usr/bin/resources, 52
889515, .venv-qn-gpu/bin/python, 534
1785627746.553995020 2415310, /usr/libexec/gnome-remote-desktop-daemon, 635
2418383, /usr/bin/sunshine, 508
2415327, /usr/libexec/xdg-desktop-portal-gnome, 19
2874859, /usr/bin/resources, 52
889515, .venv-qn-gpu/bin/python, 534
1785627746.810818586 2415310, /usr/libexec/gnome-remote-desktop-daemon, 635
2418383, /usr/bin/sunshine, 508
2415327, /usr/libexec/xdg-desktop-portal-gnome, 19
2874859, /usr/bin/resources, 52
889515, .venv-qn-gpu/bin/python, 534
1785627747.087965135 2415310, /usr/libexec/gnome-remote-desktop-daemon, 635
2418383, /usr/bin/sunshine, 508
2415327, /usr/libexec/xdg-desktop-portal-gnome, 19
2874859, /usr/bin/resources, 52
889515, .venv-qn-gpu/bin/python, 534
1785627747.349367283 2415310, /usr/libexec/gnome-remote-desktop-daemon, 635
2418383, /usr/bin/sunshine, 508
2415327, /usr/libexec/xdg-desktop-portal-gnome, 19
2874859, /usr/bin/resources, 52
889515, .venv-qn-gpu/bin/python, 534
1785627747.604956593 2415310, /usr/libexec/gnome-remote-desktop-daemon, 635
2418383, /usr/bin/sunshine, 508
2415327, /usr/libexec/xdg-desktop-portal-gnome, 19
2874859, /usr/bin/resources, 52
889515, .venv-qn-gpu/bin/python, 534
1785627747.879890628 2415310, /usr/libexec/gnome-remote-desktop-daemon, 635
2418383, /usr/bin/sunshine, 508
2415327, /usr/libexec/xdg-desktop-portal-gnome, 19
2874859, /usr/bin/resources, 52
889515, .venv-qn-gpu/bin/python, 534
1785627748.147055816 2415310, /usr/libexec/gnome-remote-desktop-daemon, 635
2418383, /usr/bin/sunshine, 508
2415327, /usr/libexec/xdg-desktop-portal-gnome, 19
2874859, /usr/bin/resources, 52
889515, .venv-qn-gpu/bin/python, 542
1785627748.391842251 2415310, /usr/libexec/gnome-remote-desktop-daemon, 635
2418383, /usr/bin/sunshine, 508
2415327, /usr/libexec/xdg-desktop-portal-gnome, 19
2874859, /usr/bin/resources, 52
889515, .venv-qn-gpu/bin/python, 542
1785627748.644878064 2415310, /usr/libexec/gnome-remote-desktop-daemon, 635
2418383, /usr/bin/sunshine, 508
2415327, /usr/libexec/xdg-desktop-portal-gnome, 19
2874859, /usr/bin/resources, 52
889515, .venv-qn-gpu/bin/python, 542
1785627748.924419013 2415310, /usr/libexec/gnome-remote-desktop-daemon, 635
2418383, /usr/bin/sunshine, 508
2415327, /usr/libexec/xdg-desktop-portal-gnome, 19
2874859, /usr/bin/resources, 52
889515, .venv-qn-gpu/bin/python, 542
1785627749.184736230 2415310, /usr/libexec/gnome-remote-desktop-daemon, 635
2418383, /usr/bin/sunshine, 508
2415327, /usr/libexec/xdg-desktop-portal-gnome, 19
2874859, /usr/bin/resources, 52
889515, .venv-qn-gpu/bin/python, 542
1785627749.447719002 2415310, /usr/libexec/gnome-remote-desktop-daemon, 635
2418383, /usr/bin/sunshine, 508
2415327, /usr/libexec/xdg-desktop-portal-gnome, 19
2874859, /usr/bin/resources, 52
889515, .venv-qn-gpu/bin/python, 542
1785627749.697075085 2415310, /usr/libexec/gnome-remote-desktop-daemon, 635
2418383, /usr/bin/sunshine, 508
2415327, /usr/libexec/xdg-desktop-portal-gnome, 19
2874859, /usr/bin/resources, 52
889515, .venv-qn-gpu/bin/python, 542
1785627749.975254367 2415310, /usr/libexec/gnome-remote-desktop-daemon, 635
2418383, /usr/bin/sunshine, 508
2415327, /usr/libexec/xdg-desktop-portal-gnome, 19
2874859, /usr/bin/resources, 52
889515, .venv-qn-gpu/bin/python, 542
1785627750.223775204 2415310, /usr/libexec/gnome-remote-desktop-daemon, 635
2418383, /usr/bin/sunshine, 508
2415327, /usr/libexec/xdg-desktop-portal-gnome, 19
2874859, /usr/bin/resources, 52
889515, .venv-qn-gpu/bin/python, 542
1785627750.501063687 2415310, /usr/libexec/gnome-remote-desktop-daemon, 635
2418383, /usr/bin/sunshine, 508
2415327, /usr/libexec/xdg-desktop-portal-gnome, 19
2874859, /usr/bin/resources, 52
889515, .venv-qn-gpu/bin/python, 542
1785627750.760386720 2415310, /usr/libexec/gnome-remote-desktop-daemon, 635
2418383, /usr/bin/sunshine, 508
2415327, /usr/libexec/xdg-desktop-portal-gnome, 19
2874859, /usr/bin/resources, 52
889515, .venv-qn-gpu/bin/python, 542
1785627751.012232324 2415310, /usr/libexec/gnome-remote-desktop-daemon, 635
2418383, /usr/bin/sunshine, 508
2415327, /usr/libexec/xdg-desktop-portal-gnome, 19
2874859, /usr/bin/resources, 52
889515, .venv-qn-gpu/bin/python, 542
1785627751.280088231 2415310, /usr/libexec/gnome-remote-desktop-daemon, 635
2418383, /usr/bin/sunshine, 508
2415327, /usr/libexec/xdg-desktop-portal-gnome, 19
2874859, /usr/bin/resources, 52
889515, .venv-qn-gpu/bin/python, 542
1785627751.545255446 2415310, /usr/libexec/gnome-remote-desktop-daemon, 635
2418383, /usr/bin/sunshine, 508
2415327, /usr/libexec/xdg-desktop-portal-gnome, 19
2874859, /usr/bin/resources, 52
889515, .venv-qn-gpu/bin/python, 542
1785627751.820390102 2415310, /usr/libexec/gnome-remote-desktop-daemon, 635
2418383, /usr/bin/sunshine, 508
2415327, /usr/libexec/xdg-desktop-portal-gnome, 19
2874859, /usr/bin/resources, 52
889515, .venv-qn-gpu/bin/python, 544
1785627752.085975897 2415310, /usr/libexec/gnome-remote-desktop-daemon, 635
2418383, /usr/bin/sunshine, 508
2415327, /usr/libexec/xdg-desktop-portal-gnome, 19
2874859, /usr/bin/resources, 52
889515, .venv-qn-gpu/bin/python, 544
1785627752.339770020 2415310, /usr/libexec/gnome-remote-desktop-daemon, 635
2418383, /usr/bin/sunshine, 508
2415327, /usr/libexec/xdg-desktop-portal-gnome, 19
2874859, /usr/bin/resources, 52
889515, .venv-qn-gpu/bin/python, 544
1785627752.589179804 2415310, /usr/libexec/gnome-remote-desktop-daemon, 635
2418383, /usr/bin/sunshine, 508
2415327, /usr/libexec/xdg-desktop-portal-gnome, 19
2874859, /usr/bin/resources, 52
889515, .venv-qn-gpu/bin/python, 544
1785627752.833024072 2415310, /usr/libexec/gnome-remote-desktop-daemon, 635
2418383, /usr/bin/sunshine, 508
2415327, /usr/libexec/xdg-desktop-portal-gnome, 19
2874859, /usr/bin/resources, 52
889515, .venv-qn-gpu/bin/python, 544
891109, /home/jungdaesuh/code/columbia/simsopt-pr-jax-port-squashed/.venv-qn-gpu/bin/python, 12
1785627753.109315086 2415310, /usr/libexec/gnome-remote-desktop-daemon, 635
2418383, /usr/bin/sunshine, 508
2415327, /usr/libexec/xdg-desktop-portal-gnome, 19
2874859, /usr/bin/resources, 52
889515, .venv-qn-gpu/bin/python, 544
891109, /home/jungdaesuh/code/columbia/simsopt-pr-jax-port-squashed/.venv-qn-gpu/bin/python, 518
1785627753.372451881 2415310, /usr/libexec/gnome-remote-desktop-daemon, 635
2418383, /usr/bin/sunshine, 508
2415327, /usr/libexec/xdg-desktop-portal-gnome, 19
2874859, /usr/bin/resources, 52
889515, .venv-qn-gpu/bin/python, 544
891109, /home/jungdaesuh/code/columbia/simsopt-pr-jax-port-squashed/.venv-qn-gpu/bin/python, 526
1785627753.632274394 2415310, /usr/libexec/gnome-remote-desktop-daemon, 635
2418383, /usr/bin/sunshine, 508
2415327, /usr/libexec/xdg-desktop-portal-gnome, 19
2874859, /usr/bin/resources, 52
889515, .venv-qn-gpu/bin/python, 544
891109, /home/jungdaesuh/code/columbia/simsopt-pr-jax-port-squashed/.venv-qn-gpu/bin/python, 526
1785627753.901548482 2415310, /usr/libexec/gnome-remote-desktop-daemon, 635
2418383, /usr/bin/sunshine, 508
2415327, /usr/libexec/xdg-desktop-portal-gnome, 19
2874859, /usr/bin/resources, 52
889515, .venv-qn-gpu/bin/python, 544
891109, /home/jungdaesuh/code/columbia/simsopt-pr-jax-port-squashed/.venv-qn-gpu/bin/python, 526
1785627754.197983611 2415310, /usr/libexec/gnome-remote-desktop-daemon, 635
2418383, /usr/bin/sunshine, 508
2415327, /usr/libexec/xdg-desktop-portal-gnome, 19
2874859, /usr/bin/resources, 52
889515, .venv-qn-gpu/bin/python, 544
891109, /home/jungdaesuh/code/columbia/simsopt-pr-jax-port-squashed/.venv-qn-gpu/bin/python, 526
1785627754.451180987 2415310, /usr/libexec/gnome-remote-desktop-daemon, 635
2418383, /usr/bin/sunshine, 508
2415327, /usr/libexec/xdg-desktop-portal-gnome, 19
2874859, /usr/bin/resources, 52
889515, .venv-qn-gpu/bin/python, 544
891109, /home/jungdaesuh/code/columbia/simsopt-pr-jax-port-squashed/.venv-qn-gpu/bin/python, 526
1785627754.708079255 2415310, /usr/libexec/gnome-remote-desktop-daemon, 635
2418383, /usr/bin/sunshine, 508
2415327, /usr/libexec/xdg-desktop-portal-gnome, 19
2874859, /usr/bin/resources, 52
889515, .venv-qn-gpu/bin/python, 544
891109, /home/jungdaesuh/code/columbia/simsopt-pr-jax-port-squashed/.venv-qn-gpu/bin/python, 534
1785627754.960899373 2415310, /usr/libexec/gnome-remote-desktop-daemon, 635
2418383, /usr/bin/sunshine, 508
2415327, /usr/libexec/xdg-desktop-portal-gnome, 19
2874859, /usr/bin/resources, 52
889515, .venv-qn-gpu/bin/python, 544
891109, /home/jungdaesuh/code/columbia/simsopt-pr-jax-port-squashed/.venv-qn-gpu/bin/python, 534
1785627755.209839121 2415310, /usr/libexec/gnome-remote-desktop-daemon, 635
2418383, /usr/bin/sunshine, 508
2415327, /usr/libexec/xdg-desktop-portal-gnome, 19
2874859, /usr/bin/resources, 52
889515, .venv-qn-gpu/bin/python, 544
891109, /home/jungdaesuh/code/columbia/simsopt-pr-jax-port-squashed/.venv-qn-gpu/bin/python, 534
1785627755.453298872 2415310, /usr/libexec/gnome-remote-desktop-daemon, 635
2418383, /usr/bin/sunshine, 508
2415327, /usr/libexec/xdg-desktop-portal-gnome, 19
2874859, /usr/bin/resources, 52
889515, .venv-qn-gpu/bin/python, 544
891109, /home/jungdaesuh/code/columbia/simsopt-pr-jax-port-squashed/.venv-qn-gpu/bin/python, 534
1785627755.699257629 2415310, /usr/libexec/gnome-remote-desktop-daemon, 635
2418383, /usr/bin/sunshine, 508
2415327, /usr/libexec/xdg-desktop-portal-gnome, 19
2874859, /usr/bin/resources, 52
889515, .venv-qn-gpu/bin/python, 544
891109, /home/jungdaesuh/code/columbia/simsopt-pr-jax-port-squashed/.venv-qn-gpu/bin/python, 534
1785627755.967876732 2415310, /usr/libexec/gnome-remote-desktop-daemon, 635
2418383, /usr/bin/sunshine, 508
2415327, /usr/libexec/xdg-desktop-portal-gnome, 19
2874859, /usr/bin/resources, 52
889515, .venv-qn-gpu/bin/python, 544
891109, /home/jungdaesuh/code/columbia/simsopt-pr-jax-port-squashed/.venv-qn-gpu/bin/python, 534
1785627756.221525757 2415310, /usr/libexec/gnome-remote-desktop-daemon, 635
2418383, /usr/bin/sunshine, 508
2415327, /usr/libexec/xdg-desktop-portal-gnome, 19
2874859, /usr/bin/resources, 52
889515, .venv-qn-gpu/bin/python, 544
891109, /home/jungdaesuh/code/columbia/simsopt-pr-jax-port-squashed/.venv-qn-gpu/bin/python, 534
1785627756.475809345 2415310, /usr/libexec/gnome-remote-desktop-daemon, 635
2418383, /usr/bin/sunshine, 508
2415327, /usr/libexec/xdg-desktop-portal-gnome, 19
2874859, /usr/bin/resources, 52
889515, .venv-qn-gpu/bin/python, 544
891109, /home/jungdaesuh/code/columbia/simsopt-pr-jax-port-squashed/.venv-qn-gpu/bin/python, 534
1785627756.738207380 2415310, /usr/libexec/gnome-remote-desktop-daemon, 635
2418383, /usr/bin/sunshine, 508
2415327, /usr/libexec/xdg-desktop-portal-gnome, 19
2874859, /usr/bin/resources, 52
889515, .venv-qn-gpu/bin/python, 544
891109, /home/jungdaesuh/code/columbia/simsopt-pr-jax-port-squashed/.venv-qn-gpu/bin/python, 534
1785627757.000538943 2415310, /usr/libexec/gnome-remote-desktop-daemon, 635
2418383, /usr/bin/sunshine, 508
2415327, /usr/libexec/xdg-desktop-portal-gnome, 19
2874859, /usr/bin/resources, 52
889515, .venv-qn-gpu/bin/python, 544
891109, /home/jungdaesuh/code/columbia/simsopt-pr-jax-port-squashed/.venv-qn-gpu/bin/python, 534
1785627757.248068812 2415310, /usr/libexec/gnome-remote-desktop-daemon, 635
2418383, /usr/bin/sunshine, 508
2415327, /usr/libexec/xdg-desktop-portal-gnome, 19
2874859, /usr/bin/resources, 52
889515, .venv-qn-gpu/bin/python, 544
891109, /home/jungdaesuh/code/columbia/simsopt-pr-jax-port-squashed/.venv-qn-gpu/bin/python, 534
1785627757.499484380 2415310, /usr/libexec/gnome-remote-desktop-daemon, 635
2418383, /usr/bin/sunshine, 508
2415327, /usr/libexec/xdg-desktop-portal-gnome, 19
2874859, /usr/bin/resources, 52
889515, .venv-qn-gpu/bin/python, 544
891109, /home/jungdaesuh/code/columbia/simsopt-pr-jax-port-squashed/.venv-qn-gpu/bin/python, 534
1785627757.765086018 2415310, /usr/libexec/gnome-remote-desktop-daemon, 635
2418383, /usr/bin/sunshine, 508
2415327, /usr/libexec/xdg-desktop-portal-gnome, 19
2874859, /usr/bin/resources, 52
889515, .venv-qn-gpu/bin/python, 544
891109, /home/jungdaesuh/code/columbia/simsopt-pr-jax-port-squashed/.venv-qn-gpu/bin/python, 534
1785627758.025378247 2415310, /usr/libexec/gnome-remote-desktop-daemon, 635
2418383, /usr/bin/sunshine, 508
2415327, /usr/libexec/xdg-desktop-portal-gnome, 19
2874859, /usr/bin/resources, 52
889515, .venv-qn-gpu/bin/python, 544
891109, /home/jungdaesuh/code/columbia/simsopt-pr-jax-port-squashed/.venv-qn-gpu/bin/python, 534
1785627758.289523878 2415310, /usr/libexec/gnome-remote-desktop-daemon, 635
2418383, /usr/bin/sunshine, 508
2415327, /usr/libexec/xdg-desktop-portal-gnome, 19
2874859, /usr/bin/resources, 52
889515, .venv-qn-gpu/bin/python, 544
891109, /home/jungdaesuh/code/columbia/simsopt-pr-jax-port-squashed/.venv-qn-gpu/bin/python, 542
1785627758.541164924 2415310, /usr/libexec/gnome-remote-desktop-daemon, 635
2418383, /usr/bin/sunshine, 508
2415327, /usr/libexec/xdg-desktop-portal-gnome, 19
2874859, /usr/bin/resources, 52
889515, .venv-qn-gpu/bin/python, 544
891109, /home/jungdaesuh/code/columbia/simsopt-pr-jax-port-squashed/.venv-qn-gpu/bin/python, 542
1785627758.799647714 2415310, /usr/libexec/gnome-remote-desktop-daemon, 635
2418383, /usr/bin/sunshine, 508
2415327, /usr/libexec/xdg-desktop-portal-gnome, 19
2874859, /usr/bin/resources, 52
889515, .venv-qn-gpu/bin/python, 544
891109, /home/jungdaesuh/code/columbia/simsopt-pr-jax-port-squashed/.venv-qn-gpu/bin/python, 542
1785627759.067188166 2415310, /usr/libexec/gnome-remote-desktop-daemon, 635
2418383, /usr/bin/sunshine, 508
2415327, /usr/libexec/xdg-desktop-portal-gnome, 19
2874859, /usr/bin/resources, 52
889515, .venv-qn-gpu/bin/python, 544
891109, /home/jungdaesuh/code/columbia/simsopt-pr-jax-port-squashed/.venv-qn-gpu/bin/python, 542
1785627759.331045784 2415310, /usr/libexec/gnome-remote-desktop-daemon, 635
2418383, /usr/bin/sunshine, 508
2415327, /usr/libexec/xdg-desktop-portal-gnome, 19
2874859, /usr/bin/resources, 52
889515, .venv-qn-gpu/bin/python, 544
891109, /home/jungdaesuh/code/columbia/simsopt-pr-jax-port-squashed/.venv-qn-gpu/bin/python, 542
1785627759.586850298 2415310, /usr/libexec/gnome-remote-desktop-daemon, 635
2418383, /usr/bin/sunshine, 508
2415327, /usr/libexec/xdg-desktop-portal-gnome, 19
2874859, /usr/bin/resources, 52
889515, .venv-qn-gpu/bin/python, 544
891109, /home/jungdaesuh/code/columbia/simsopt-pr-jax-port-squashed/.venv-qn-gpu/bin/python, 542
1785627759.856165909 2415310, /usr/libexec/gnome-remote-desktop-daemon, 635
2418383, /usr/bin/sunshine, 508
2415327, /usr/libexec/xdg-desktop-portal-gnome, 19
2874859, /usr/bin/resources, 52
889515, .venv-qn-gpu/bin/python, 544
891109, /home/jungdaesuh/code/columbia/simsopt-pr-jax-port-squashed/.venv-qn-gpu/bin/python, 542
1785627760.105638326 2415310, /usr/libexec/gnome-remote-desktop-daemon, 635
2418383, /usr/bin/sunshine, 508
2415327, /usr/libexec/xdg-desktop-portal-gnome, 19
2874859, /usr/bin/resources, 52
889515, .venv-qn-gpu/bin/python, 544
891109, /home/jungdaesuh/code/columbia/simsopt-pr-jax-port-squashed/.venv-qn-gpu/bin/python, 542
1785627760.362518537 2415310, /usr/libexec/gnome-remote-desktop-daemon, 635
2418383, /usr/bin/sunshine, 508
2415327, /usr/libexec/xdg-desktop-portal-gnome, 19
2874859, /usr/bin/resources, 52
889515, .venv-qn-gpu/bin/python, 544
891109, /home/jungdaesuh/code/columbia/simsopt-pr-jax-port-squashed/.venv-qn-gpu/bin/python, 542
1785627760.634771472 2415310, /usr/libexec/gnome-remote-desktop-daemon, 635
2418383, /usr/bin/sunshine, 508
2415327, /usr/libexec/xdg-desktop-portal-gnome, 19
2874859, /usr/bin/resources, 52
889515, .venv-qn-gpu/bin/python, 544
891109, /home/jungdaesuh/code/columbia/simsopt-pr-jax-port-squashed/.venv-qn-gpu/bin/python, 542
1785627760.897999624 2415310, /usr/libexec/gnome-remote-desktop-daemon, 635
2418383, /usr/bin/sunshine, 508
2415327, /usr/libexec/xdg-desktop-portal-gnome, 19
2874859, /usr/bin/resources, 52
889515, .venv-qn-gpu/bin/python, 544
891109, /home/jungdaesuh/code/columbia/simsopt-pr-jax-port-squashed/.venv-qn-gpu/bin/python, 542
1785627761.158723712 2415310, /usr/libexec/gnome-remote-desktop-daemon, 635
2418383, /usr/bin/sunshine, 508
2415327, /usr/libexec/xdg-desktop-portal-gnome, 19
2874859, /usr/bin/resources, 52
889515, .venv-qn-gpu/bin/python, 544
891109, /home/jungdaesuh/code/columbia/simsopt-pr-jax-port-squashed/.venv-qn-gpu/bin/python, 542
1785627761.426013828 2415310, /usr/libexec/gnome-remote-desktop-daemon, 635
2418383, /usr/bin/sunshine, 508
2415327, /usr/libexec/xdg-desktop-portal-gnome, 19
2874859, /usr/bin/resources, 52
889515, .venv-qn-gpu/bin/python, 544
891109, /home/jungdaesuh/code/columbia/simsopt-pr-jax-port-squashed/.venv-qn-gpu/bin/python, 542
1785627761.683035632 2415310, /usr/libexec/gnome-remote-desktop-daemon, 635
2418383, /usr/bin/sunshine, 508
2415327, /usr/libexec/xdg-desktop-portal-gnome, 19
2874859, /usr/bin/resources, 52
889515, .venv-qn-gpu/bin/python, 544
891109, /home/jungdaesuh/code/columbia/simsopt-pr-jax-port-squashed/.venv-qn-gpu/bin/python, 544
1785627761.956246316 2415310, /usr/libexec/gnome-remote-desktop-daemon, 635
2418383, /usr/bin/sunshine, 508
2415327, /usr/libexec/xdg-desktop-portal-gnome, 19
2874859, /usr/bin/resources, 52
889515, .venv-qn-gpu/bin/python, 544
891109, /home/jungdaesuh/code/columbia/simsopt-pr-jax-port-squashed/.venv-qn-gpu/bin/python, 544
1785627762.223966679 2415310, /usr/libexec/gnome-remote-desktop-daemon, 635
2418383, /usr/bin/sunshine, 508
2415327, /usr/libexec/xdg-desktop-portal-gnome, 19
2874859, /usr/bin/resources, 52
889515, .venv-qn-gpu/bin/python, 544
891109, /home/jungdaesuh/code/columbia/simsopt-pr-jax-port-squashed/.venv-qn-gpu/bin/python, 544
1785627762.483393027 2415310, /usr/libexec/gnome-remote-desktop-daemon, 635
2418383, /usr/bin/sunshine, 508
2415327, /usr/libexec/xdg-desktop-portal-gnome, 19
2874859, /usr/bin/resources, 52
889515, .venv-qn-gpu/bin/python, 544
891109, /home/jungdaesuh/code/columbia/simsopt-pr-jax-port-squashed/.venv-qn-gpu/bin/python, 544
1785627762.745424600 2415310, /usr/libexec/gnome-remote-desktop-daemon, 635
2418383, /usr/bin/sunshine, 508
2415327, /usr/libexec/xdg-desktop-portal-gnome, 19
2874859, /usr/bin/resources, 52
889515, .venv-qn-gpu/bin/python, 544
891109, /home/jungdaesuh/code/columbia/simsopt-pr-jax-port-squashed/.venv-qn-gpu/bin/python, 544
1785627763.009262588 2415310, /usr/libexec/gnome-remote-desktop-daemon, 635
2418383, /usr/bin/sunshine, 508
2415327, /usr/libexec/xdg-desktop-portal-gnome, 19
2874859, /usr/bin/resources, 52
889515, .venv-qn-gpu/bin/python, 544
891109, /home/jungdaesuh/code/columbia/simsopt-pr-jax-port-squashed/.venv-qn-gpu/bin/python, 544
1785627763.285687964 2415310, /usr/libexec/gnome-remote-desktop-daemon, 635
2418383, /usr/bin/sunshine, 508
2415327, /usr/libexec/xdg-desktop-portal-gnome, 19
2874859, /usr/bin/resources, 52
889515, .venv-qn-gpu/bin/python, 544
891109, /home/jungdaesuh/code/columbia/simsopt-pr-jax-port-squashed/.venv-qn-gpu/bin/python, 544
1785627763.541833531 2415310, /usr/libexec/gnome-remote-desktop-daemon, 635
2418383, /usr/bin/sunshine, 508
2415327, /usr/libexec/xdg-desktop-portal-gnome, 19
2874859, /usr/bin/resources, 52
889515, .venv-qn-gpu/bin/python, 544
891109, /home/jungdaesuh/code/columbia/simsopt-pr-jax-port-squashed/.venv-qn-gpu/bin/python, 544
1785627763.816315736 2415310, /usr/libexec/gnome-remote-desktop-daemon, 635
2418383, /usr/bin/sunshine, 508
2415327, /usr/libexec/xdg-desktop-portal-gnome, 19
2874859, /usr/bin/resources, 52
889515, .venv-qn-gpu/bin/python, 544
891109, /home/jungdaesuh/code/columbia/simsopt-pr-jax-port-squashed/.venv-qn-gpu/bin/python, 544
1785627764.086008533 2415310, /usr/libexec/gnome-remote-desktop-daemon, 635
2418383, /usr/bin/sunshine, 508
2415327, /usr/libexec/xdg-desktop-portal-gnome, 19
2874859, /usr/bin/resources, 52
889515, .venv-qn-gpu/bin/python, 544
891109, /home/jungdaesuh/code/columbia/simsopt-pr-jax-port-squashed/.venv-qn-gpu/bin/python, 544
1785627764.342677928 2415310, /usr/libexec/gnome-remote-desktop-daemon, 635
2418383, /usr/bin/sunshine, 508
2415327, /usr/libexec/xdg-desktop-portal-gnome, 19
2874859, /usr/bin/resources, 52
889515, .venv-qn-gpu/bin/python, 544
891109, /home/jungdaesuh/code/columbia/simsopt-pr-jax-port-squashed/.venv-qn-gpu/bin/python, 544
1785627764.606044567 2415310, /usr/libexec/gnome-remote-desktop-daemon, 635
2418383, /usr/bin/sunshine, 508
2415327, /usr/libexec/xdg-desktop-portal-gnome, 19
2874859, /usr/bin/resources, 52
889515, .venv-qn-gpu/bin/python, 544
891109, /home/jungdaesuh/code/columbia/simsopt-pr-jax-port-squashed/.venv-qn-gpu/bin/python, 544
1785627764.895900368 2415310, /usr/libexec/gnome-remote-desktop-daemon, 635
2418383, /usr/bin/sunshine, 508
2415327, /usr/libexec/xdg-desktop-portal-gnome, 19
2874859, /usr/bin/resources, 52
889515, .venv-qn-gpu/bin/python, 544
891109, /home/jungdaesuh/code/columbia/simsopt-pr-jax-port-squashed/.venv-qn-gpu/bin/python, 544
1785627765.149935102 2415310, /usr/libexec/gnome-remote-desktop-daemon, 635
2418383, /usr/bin/sunshine, 508
2415327, /usr/libexec/xdg-desktop-portal-gnome, 19
2874859, /usr/bin/resources, 52
889515, .venv-qn-gpu/bin/python, 544
891109, /home/jungdaesuh/code/columbia/simsopt-pr-jax-port-squashed/.venv-qn-gpu/bin/python, 544
1785627765.404280183 2415310, /usr/libexec/gnome-remote-desktop-daemon, 635
2418383, /usr/bin/sunshine, 508
2415327, /usr/libexec/xdg-desktop-portal-gnome, 19
2874859, /usr/bin/resources, 52
889515, .venv-qn-gpu/bin/python, 544
891109, /home/jungdaesuh/code/columbia/simsopt-pr-jax-port-squashed/.venv-qn-gpu/bin/python, 546
1785627765.677787373 2415310, /usr/libexec/gnome-remote-desktop-daemon, 635
2418383, /usr/bin/sunshine, 508
2415327, /usr/libexec/xdg-desktop-portal-gnome, 19
2874859, /usr/bin/resources, 52
889515, .venv-qn-gpu/bin/python, 544
891109, /home/jungdaesuh/code/columbia/simsopt-pr-jax-port-squashed/.venv-qn-gpu/bin/python, 546
1785627765.945355617 2415310, /usr/libexec/gnome-remote-desktop-daemon, 635
2418383, /usr/bin/sunshine, 508
2415327, /usr/libexec/xdg-desktop-portal-gnome, 19
2874859, /usr/bin/resources, 52
889515, .venv-qn-gpu/bin/python, 544
891109, /home/jungdaesuh/code/columbia/simsopt-pr-jax-port-squashed/.venv-qn-gpu/bin/python, 546
1785627766.221389445 2415310, /usr/libexec/gnome-remote-desktop-daemon, 635
2418383, /usr/bin/sunshine, 508
2415327, /usr/libexec/xdg-desktop-portal-gnome, 19
2874859, /usr/bin/resources, 52
889515, .venv-qn-gpu/bin/python, 544
891109, /home/jungdaesuh/code/columbia/simsopt-pr-jax-port-squashed/.venv-qn-gpu/bin/python, 546
1785627766.486019513 2415310, /usr/libexec/gnome-remote-desktop-daemon, 635
2418383, /usr/bin/sunshine, 508
2415327, /usr/libexec/xdg-desktop-portal-gnome, 19
2874859, /usr/bin/resources, 52
889515, .venv-qn-gpu/bin/python, 544
891109, /home/jungdaesuh/code/columbia/simsopt-pr-jax-port-squashed/.venv-qn-gpu/bin/python, 546
1785627766.740667640 2415310, /usr/libexec/gnome-remote-desktop-daemon, 635
2418383, /usr/bin/sunshine, 508
2415327, /usr/libexec/xdg-desktop-portal-gnome, 19
2874859, /usr/bin/resources, 52
889515, .venv-qn-gpu/bin/python, 544
891109, /home/jungdaesuh/code/columbia/simsopt-pr-jax-port-squashed/.venv-qn-gpu/bin/python, 546
1785627767.038976755 2415310, /usr/libexec/gnome-remote-desktop-daemon, 635
2418383, /usr/bin/sunshine, 508
2415327, /usr/libexec/xdg-desktop-portal-gnome, 19
2874859, /usr/bin/resources, 52
889515, .venv-qn-gpu/bin/python, 544
891109, /home/jungdaesuh/code/columbia/simsopt-pr-jax-port-squashed/.venv-qn-gpu/bin/python, 548
1785627767.315370734 2415310, /usr/libexec/gnome-remote-desktop-daemon, 635
2418383, /usr/bin/sunshine, 508
2415327, /usr/libexec/xdg-desktop-portal-gnome, 19
2874859, /usr/bin/resources, 52
889515, .venv-qn-gpu/bin/python, 544
891109, /home/jungdaesuh/code/columbia/simsopt-pr-jax-port-squashed/.venv-qn-gpu/bin/python, 548
1785627767.572110403 2415310, /usr/libexec/gnome-remote-desktop-daemon, 635
2418383, /usr/bin/sunshine, 508
2415327, /usr/libexec/xdg-desktop-portal-gnome, 19
2874859, /usr/bin/resources, 52
889515, .venv-qn-gpu/bin/python, 544
891109, /home/jungdaesuh/code/columbia/simsopt-pr-jax-port-squashed/.venv-qn-gpu/bin/python, 548
1785627767.837794195 2415310, /usr/libexec/gnome-remote-desktop-daemon, 635
2418383, /usr/bin/sunshine, 508
2415327, /usr/libexec/xdg-desktop-portal-gnome, 19
2874859, /usr/bin/resources, 52
889515, .venv-qn-gpu/bin/python, 544
891109, /home/jungdaesuh/code/columbia/simsopt-pr-jax-port-squashed/.venv-qn-gpu/bin/python, 548
1785627768.094218681 2415310, /usr/libexec/gnome-remote-desktop-daemon, 635
2418383, /usr/bin/sunshine, 508
2415327, /usr/libexec/xdg-desktop-portal-gnome, 19
2874859, /usr/bin/resources, 52
889515, .venv-qn-gpu/bin/python, 544
891109, /home/jungdaesuh/code/columbia/simsopt-pr-jax-port-squashed/.venv-qn-gpu/bin/python, 548
1785627768.347369998 2415310, /usr/libexec/gnome-remote-desktop-daemon, 635
2418383, /usr/bin/sunshine, 508
2415327, /usr/libexec/xdg-desktop-portal-gnome, 19
2874859, /usr/bin/resources, 52
889515, .venv-qn-gpu/bin/python, 544
891109, /home/jungdaesuh/code/columbia/simsopt-pr-jax-port-squashed/.venv-qn-gpu/bin/python, 548
1785627768.607396037 2415310, /usr/libexec/gnome-remote-desktop-daemon, 635
2418383, /usr/bin/sunshine, 508
2415327, /usr/libexec/xdg-desktop-portal-gnome, 19
2874859, /usr/bin/resources, 52
889515, .venv-qn-gpu/bin/python, 544
891109, /home/jungdaesuh/code/columbia/simsopt-pr-jax-port-squashed/.venv-qn-gpu/bin/python, 548
1785627768.873072809 2415310, /usr/libexec/gnome-remote-desktop-daemon, 635
2418383, /usr/bin/sunshine, 508
2415327, /usr/libexec/xdg-desktop-portal-gnome, 19
2874859, /usr/bin/resources, 52
889515, .venv-qn-gpu/bin/python, 544
891109, /home/jungdaesuh/code/columbia/simsopt-pr-jax-port-squashed/.venv-qn-gpu/bin/python, 548
1785627769.146811978 2415310, /usr/libexec/gnome-remote-desktop-daemon, 635
2418383, /usr/bin/sunshine, 508
2415327, /usr/libexec/xdg-desktop-portal-gnome, 19
2874859, /usr/bin/resources, 52
889515, .venv-qn-gpu/bin/python, 544
891109, /home/jungdaesuh/code/columbia/simsopt-pr-jax-port-squashed/.venv-qn-gpu/bin/python, 548
1785627769.405841919 2415310, /usr/libexec/gnome-remote-desktop-daemon, 635
2418383, /usr/bin/sunshine, 508
2415327, /usr/libexec/xdg-desktop-portal-gnome, 19
2874859, /usr/bin/resources, 52
889515, .venv-qn-gpu/bin/python, 544
891109, /home/jungdaesuh/code/columbia/simsopt-pr-jax-port-squashed/.venv-qn-gpu/bin/python, 546
1785627769.658514767 2415310, /usr/libexec/gnome-remote-desktop-daemon, 635
2418383, /usr/bin/sunshine, 508
2415327, /usr/libexec/xdg-desktop-portal-gnome, 19
2874859, /usr/bin/resources, 52
889515, .venv-qn-gpu/bin/python, 544
891109, /home/jungdaesuh/code/columbia/simsopt-pr-jax-port-squashed/.venv-qn-gpu/bin/python, 546
1785627769.923398396 2415310, /usr/libexec/gnome-remote-desktop-daemon, 635
2418383, /usr/bin/sunshine, 508
2415327, /usr/libexec/xdg-desktop-portal-gnome, 19
2874859, /usr/bin/resources, 52
889515, .venv-qn-gpu/bin/python, 544
891109, /home/jungdaesuh/code/columbia/simsopt-pr-jax-port-squashed/.venv-qn-gpu/bin/python, 546
1785627770.179436922 2415310, /usr/libexec/gnome-remote-desktop-daemon, 635
2418383, /usr/bin/sunshine, 508
2415327, /usr/libexec/xdg-desktop-portal-gnome, 19
2874859, /usr/bin/resources, 52
889515, .venv-qn-gpu/bin/python, 544
891109, /home/jungdaesuh/code/columbia/simsopt-pr-jax-port-squashed/.venv-qn-gpu/bin/python, 546
1785627770.440811949 2415310, /usr/libexec/gnome-remote-desktop-daemon, 635
2418383, /usr/bin/sunshine, 508
2415327, /usr/libexec/xdg-desktop-portal-gnome, 19
2874859, /usr/bin/resources, 52
889515, .venv-qn-gpu/bin/python, 544
891109, /home/jungdaesuh/code/columbia/simsopt-pr-jax-port-squashed/.venv-qn-gpu/bin/python, 546
1785627770.700621753 2415310, /usr/libexec/gnome-remote-desktop-daemon, 635
2418383, /usr/bin/sunshine, 508
2415327, /usr/libexec/xdg-desktop-portal-gnome, 19
2874859, /usr/bin/resources, 52
889515, .venv-qn-gpu/bin/python, 544
891109, /home/jungdaesuh/code/columbia/simsopt-pr-jax-port-squashed/.venv-qn-gpu/bin/python, 546
1785627770.969654298 2415310, /usr/libexec/gnome-remote-desktop-daemon, 635
2418383, /usr/bin/sunshine, 508
2415327, /usr/libexec/xdg-desktop-portal-gnome, 19
2874859, /usr/bin/resources, 52
889515, .venv-qn-gpu/bin/python, 544
891109, /home/jungdaesuh/code/columbia/simsopt-pr-jax-port-squashed/.venv-qn-gpu/bin/python, 546
1785627771.218439332 2415310, /usr/libexec/gnome-remote-desktop-daemon, 635
2418383, /usr/bin/sunshine, 508
2415327, /usr/libexec/xdg-desktop-portal-gnome, 19
2874859, /usr/bin/resources, 52
889515, .venv-qn-gpu/bin/python, 544
891109, /home/jungdaesuh/code/columbia/simsopt-pr-jax-port-squashed/.venv-qn-gpu/bin/python, 546
1785627771.477583195 2415310, /usr/libexec/gnome-remote-desktop-daemon, 635
2418383, /usr/bin/sunshine, 508
2415327, /usr/libexec/xdg-desktop-portal-gnome, 19
2874859, /usr/bin/resources, 52
889515, .venv-qn-gpu/bin/python, 544
891109, /home/jungdaesuh/code/columbia/simsopt-pr-jax-port-squashed/.venv-qn-gpu/bin/python, 546
1785627771.754534642 2415310, /usr/libexec/gnome-remote-desktop-daemon, 635
2418383, /usr/bin/sunshine, 508
2415327, /usr/libexec/xdg-desktop-portal-gnome, 19
2874859, /usr/bin/resources, 52
889515, .venv-qn-gpu/bin/python, 544
891109, /home/jungdaesuh/code/columbia/simsopt-pr-jax-port-squashed/.venv-qn-gpu/bin/python, 582
1785627772.023605034 2415310, /usr/libexec/gnome-remote-desktop-daemon, 635
2418383, /usr/bin/sunshine, 508
2415327, /usr/libexec/xdg-desktop-portal-gnome, 19
2874859, /usr/bin/resources, 52
889515, .venv-qn-gpu/bin/python, 544
891109, /home/jungdaesuh/code/columbia/simsopt-pr-jax-port-squashed/.venv-qn-gpu/bin/python, 546
1785627772.284874792 2415310, /usr/libexec/gnome-remote-desktop-daemon, 635
2418383, /usr/bin/sunshine, 508
2415327, /usr/libexec/xdg-desktop-portal-gnome, 19
2874859, /usr/bin/resources, 52
889515, .venv-qn-gpu/bin/python, 544
891109, /home/jungdaesuh/code/columbia/simsopt-pr-jax-port-squashed/.venv-qn-gpu/bin/python, 834
1785627772.553620316 2415310, /usr/libexec/gnome-remote-desktop-daemon, 635
2418383, /usr/bin/sunshine, 508
2415327, /usr/libexec/xdg-desktop-portal-gnome, 19
2874859, /usr/bin/resources, 52
889515, .venv-qn-gpu/bin/python, 544
891109, /home/jungdaesuh/code/columbia/simsopt-pr-jax-port-squashed/.venv-qn-gpu/bin/python, 546
1785627772.829088242 2415310, /usr/libexec/gnome-remote-desktop-daemon, 635
2418383, /usr/bin/sunshine, 508
2415327, /usr/libexec/xdg-desktop-portal-gnome, 19
2874859, /usr/bin/resources, 52
889515, .venv-qn-gpu/bin/python, 544
891109, /home/jungdaesuh/code/columbia/simsopt-pr-jax-port-squashed/.venv-qn-gpu/bin/python, 546
1785627773.094378553 2415310, /usr/libexec/gnome-remote-desktop-daemon, 635
2418383, /usr/bin/sunshine, 508
2415327, /usr/libexec/xdg-desktop-portal-gnome, 19
2874859, /usr/bin/resources, 52
889515, .venv-qn-gpu/bin/python, 544
891109, /home/jungdaesuh/code/columbia/simsopt-pr-jax-port-squashed/.venv-qn-gpu/bin/python, 546
1785627773.365329581 2415310, /usr/libexec/gnome-remote-desktop-daemon, 635
2418383, /usr/bin/sunshine, 508
2415327, /usr/libexec/xdg-desktop-portal-gnome, 19
2874859, /usr/bin/resources, 52
889515, .venv-qn-gpu/bin/python, 544
891109, /home/jungdaesuh/code/columbia/simsopt-pr-jax-port-squashed/.venv-qn-gpu/bin/python, 546
1785627773.620628045 2415310, /usr/libexec/gnome-remote-desktop-daemon, 635
2418383, /usr/bin/sunshine, 508
2415327, /usr/libexec/xdg-desktop-portal-gnome, 19
2874859, /usr/bin/resources, 52
889515, .venv-qn-gpu/bin/python, 544
891109, /home/jungdaesuh/code/columbia/simsopt-pr-jax-port-squashed/.venv-qn-gpu/bin/python, 546
1785627773.890957039 2415310, /usr/libexec/gnome-remote-desktop-daemon, 635
2418383, /usr/bin/sunshine, 508
2415327, /usr/libexec/xdg-desktop-portal-gnome, 19
2874859, /usr/bin/resources, 52
889515, .venv-qn-gpu/bin/python, 544
891109, /home/jungdaesuh/code/columbia/simsopt-pr-jax-port-squashed/.venv-qn-gpu/bin/python, 546
1785627774.146604316 2415310, /usr/libexec/gnome-remote-desktop-daemon, 635
2418383, /usr/bin/sunshine, 508
2415327, /usr/libexec/xdg-desktop-portal-gnome, 19
2874859, /usr/bin/resources, 52
889515, .venv-qn-gpu/bin/python, 544
891109, /home/jungdaesuh/code/columbia/simsopt-pr-jax-port-squashed/.venv-qn-gpu/bin/python, 546
1785627774.402369722 2415310, /usr/libexec/gnome-remote-desktop-daemon, 635
2418383, /usr/bin/sunshine, 508
2415327, /usr/libexec/xdg-desktop-portal-gnome, 19
2874859, /usr/bin/resources, 52
889515, .venv-qn-gpu/bin/python, 544
891109, /home/jungdaesuh/code/columbia/simsopt-pr-jax-port-squashed/.venv-qn-gpu/bin/python, 546
1785627774.663633361 2415310, /usr/libexec/gnome-remote-desktop-daemon, 635
2418383, /usr/bin/sunshine, 508
2415327, /usr/libexec/xdg-desktop-portal-gnome, 19
2874859, /usr/bin/resources, 52
889515, .venv-qn-gpu/bin/python, 544
891109, /home/jungdaesuh/code/columbia/simsopt-pr-jax-port-squashed/.venv-qn-gpu/bin/python, 546
1785627774.916060569 2415310, /usr/libexec/gnome-remote-desktop-daemon, 635
2418383, /usr/bin/sunshine, 508
2415327, /usr/libexec/xdg-desktop-portal-gnome, 19
2874859, /usr/bin/resources, 52
889515, .venv-qn-gpu/bin/python, 544
891109, /home/jungdaesuh/code/columbia/simsopt-pr-jax-port-squashed/.venv-qn-gpu/bin/python, 546
1785627775.175733327 2415310, /usr/libexec/gnome-remote-desktop-daemon, 635
2418383, /usr/bin/sunshine, 508
2415327, /usr/libexec/xdg-desktop-portal-gnome, 19
2874859, /usr/bin/resources, 52
889515, .venv-qn-gpu/bin/python, 544
891109, /home/jungdaesuh/code/columbia/simsopt-pr-jax-port-squashed/.venv-qn-gpu/bin/python, 546
1785627775.427094974 2415310, /usr/libexec/gnome-remote-desktop-daemon, 635
2418383, /usr/bin/sunshine, 508
2415327, /usr/libexec/xdg-desktop-portal-gnome, 19
2874859, /usr/bin/resources, 52
889515, .venv-qn-gpu/bin/python, 544
891109, /home/jungdaesuh/code/columbia/simsopt-pr-jax-port-squashed/.venv-qn-gpu/bin/python, 546
1785627775.679331787 2415310, /usr/libexec/gnome-remote-desktop-daemon, 635
2418383, /usr/bin/sunshine, 508
2415327, /usr/libexec/xdg-desktop-portal-gnome, 19
2874859, /usr/bin/resources, 52
889515, .venv-qn-gpu/bin/python, 544
891109, /home/jungdaesuh/code/columbia/simsopt-pr-jax-port-squashed/.venv-qn-gpu/bin/python, 546
1785627775.947017487 2415310, /usr/libexec/gnome-remote-desktop-daemon, 635
2418383, /usr/bin/sunshine, 508
2415327, /usr/libexec/xdg-desktop-portal-gnome, 19
2874859, /usr/bin/resources, 52
889515, .venv-qn-gpu/bin/python, 544
891109, /home/jungdaesuh/code/columbia/simsopt-pr-jax-port-squashed/.venv-qn-gpu/bin/python, 546
1785627776.216141380 2415310, /usr/libexec/gnome-remote-desktop-daemon, 635
2418383, /usr/bin/sunshine, 508
2415327, /usr/libexec/xdg-desktop-portal-gnome, 19
2874859, /usr/bin/resources, 52
889515, .venv-qn-gpu/bin/python, 544
891109, /home/jungdaesuh/code/columbia/simsopt-pr-jax-port-squashed/.venv-qn-gpu/bin/python, 546
1785627776.483426989 2415310, /usr/libexec/gnome-remote-desktop-daemon, 635
2418383, /usr/bin/sunshine, 508
2415327, /usr/libexec/xdg-desktop-portal-gnome, 19
2874859, /usr/bin/resources, 52
889515, .venv-qn-gpu/bin/python, 544
891109, /home/jungdaesuh/code/columbia/simsopt-pr-jax-port-squashed/.venv-qn-gpu/bin/python, 546
1785627776.750744857 2415310, /usr/libexec/gnome-remote-desktop-daemon, 635
2418383, /usr/bin/sunshine, 508
2415327, /usr/libexec/xdg-desktop-portal-gnome, 19
2874859, /usr/bin/resources, 52
889515, .venv-qn-gpu/bin/python, 544
891109, /home/jungdaesuh/code/columbia/simsopt-pr-jax-port-squashed/.venv-qn-gpu/bin/python, 546
1785627777.008134293 2415310, /usr/libexec/gnome-remote-desktop-daemon, 635
2418383, /usr/bin/sunshine, 508
2415327, /usr/libexec/xdg-desktop-portal-gnome, 19
2874859, /usr/bin/resources, 52
889515, .venv-qn-gpu/bin/python, 544
891109, /home/jungdaesuh/code/columbia/simsopt-pr-jax-port-squashed/.venv-qn-gpu/bin/python, 546
1785627777.262022057 2415310, /usr/libexec/gnome-remote-desktop-daemon, 635
2418383, /usr/bin/sunshine, 508
2415327, /usr/libexec/xdg-desktop-portal-gnome, 19
2874859, /usr/bin/resources, 52
889515, .venv-qn-gpu/bin/python, 544
891109, /home/jungdaesuh/code/columbia/simsopt-pr-jax-port-squashed/.venv-qn-gpu/bin/python, 546
1785627777.522731914 2415310, /usr/libexec/gnome-remote-desktop-daemon, 635
2418383, /usr/bin/sunshine, 508
2415327, /usr/libexec/xdg-desktop-portal-gnome, 19
2874859, /usr/bin/resources, 52
889515, .venv-qn-gpu/bin/python, 544
891109, /home/jungdaesuh/code/columbia/simsopt-pr-jax-port-squashed/.venv-qn-gpu/bin/python, 546
1785627777.784136895 2415310, /usr/libexec/gnome-remote-desktop-daemon, 635
2418383, /usr/bin/sunshine, 508
2415327, /usr/libexec/xdg-desktop-portal-gnome, 19
2874859, /usr/bin/resources, 52
889515, .venv-qn-gpu/bin/python, 544
891109, /home/jungdaesuh/code/columbia/simsopt-pr-jax-port-squashed/.venv-qn-gpu/bin/python, 546
1785627778.035744492 2415310, /usr/libexec/gnome-remote-desktop-daemon, 635
2418383, /usr/bin/sunshine, 508
2415327, /usr/libexec/xdg-desktop-portal-gnome, 19
2874859, /usr/bin/resources, 52
889515, .venv-qn-gpu/bin/python, 544
891109, /home/jungdaesuh/code/columbia/simsopt-pr-jax-port-squashed/.venv-qn-gpu/bin/python, 546
1785627778.298459081 2415310, /usr/libexec/gnome-remote-desktop-daemon, 635
2418383, /usr/bin/sunshine, 508
2415327, /usr/libexec/xdg-desktop-portal-gnome, 19
2874859, /usr/bin/resources, 52
889515, .venv-qn-gpu/bin/python, 544
891109, /home/jungdaesuh/code/columbia/simsopt-pr-jax-port-squashed/.venv-qn-gpu/bin/python, 546
1785627778.554939411 2415310, /usr/libexec/gnome-remote-desktop-daemon, 635
2418383, /usr/bin/sunshine, 508
2415327, /usr/libexec/xdg-desktop-portal-gnome, 19
2874859, /usr/bin/resources, 52
889515, .venv-qn-gpu/bin/python, 544
891109, /home/jungdaesuh/code/columbia/simsopt-pr-jax-port-squashed/.venv-qn-gpu/bin/python, 546
1785627778.820011124 2415310, /usr/libexec/gnome-remote-desktop-daemon, 635
2418383, /usr/bin/sunshine, 508
2415327, /usr/libexec/xdg-desktop-portal-gnome, 19
2874859, /usr/bin/resources, 52
889515, .venv-qn-gpu/bin/python, 544
891109, /home/jungdaesuh/code/columbia/simsopt-pr-jax-port-squashed/.venv-qn-gpu/bin/python, 546
1785627779.074866391 2415310, /usr/libexec/gnome-remote-desktop-daemon, 635
2418383, /usr/bin/sunshine, 508
2415327, /usr/libexec/xdg-desktop-portal-gnome, 19
2874859, /usr/bin/resources, 52
889515, .venv-qn-gpu/bin/python, 544
891109, /home/jungdaesuh/code/columbia/simsopt-pr-jax-port-squashed/.venv-qn-gpu/bin/python, 546
1785627779.330050633 2415310, /usr/libexec/gnome-remote-desktop-daemon, 635
2418383, /usr/bin/sunshine, 508
2415327, /usr/libexec/xdg-desktop-portal-gnome, 19
2874859, /usr/bin/resources, 52
889515, .venv-qn-gpu/bin/python, 544
891109, /home/jungdaesuh/code/columbia/simsopt-pr-jax-port-squashed/.venv-qn-gpu/bin/python, 546
1785627779.590068650 2415310, /usr/libexec/gnome-remote-desktop-daemon, 635
2418383, /usr/bin/sunshine, 508
2415327, /usr/libexec/xdg-desktop-portal-gnome, 19
2874859, /usr/bin/resources, 52
889515, .venv-qn-gpu/bin/python, 544
891109, /home/jungdaesuh/code/columbia/simsopt-pr-jax-port-squashed/.venv-qn-gpu/bin/python, 546
1785627779.845183889 2415310, /usr/libexec/gnome-remote-desktop-daemon, 635
2418383, /usr/bin/sunshine, 508
2415327, /usr/libexec/xdg-desktop-portal-gnome, 19
2874859, /usr/bin/resources, 52
889515, .venv-qn-gpu/bin/python, 544
891109, /home/jungdaesuh/code/columbia/simsopt-pr-jax-port-squashed/.venv-qn-gpu/bin/python, 546
1785627780.105088685 2415310, /usr/libexec/gnome-remote-desktop-daemon, 635
2418383, /usr/bin/sunshine, 508
2415327, /usr/libexec/xdg-desktop-portal-gnome, 19
2874859, /usr/bin/resources, 52
889515, .venv-qn-gpu/bin/python, 544
891109, /home/jungdaesuh/code/columbia/simsopt-pr-jax-port-squashed/.venv-qn-gpu/bin/python, 546
1785627780.356670734 2415310, /usr/libexec/gnome-remote-desktop-daemon, 635
2418383, /usr/bin/sunshine, 508
2415327, /usr/libexec/xdg-desktop-portal-gnome, 19
2874859, /usr/bin/resources, 52
889515, .venv-qn-gpu/bin/python, 544
891109, /home/jungdaesuh/code/columbia/simsopt-pr-jax-port-squashed/.venv-qn-gpu/bin/python, 546
1785627780.613619137 2415310, /usr/libexec/gnome-remote-desktop-daemon, 635
2418383, /usr/bin/sunshine, 508
2415327, /usr/libexec/xdg-desktop-portal-gnome, 19
2874859, /usr/bin/resources, 52
889515, .venv-qn-gpu/bin/python, 544
891109, /home/jungdaesuh/code/columbia/simsopt-pr-jax-port-squashed/.venv-qn-gpu/bin/python, 546
1785627780.882796099 2415310, /usr/libexec/gnome-remote-desktop-daemon, 635
2418383, /usr/bin/sunshine, 508
2415327, /usr/libexec/xdg-desktop-portal-gnome, 19
2874859, /usr/bin/resources, 52
889515, .venv-qn-gpu/bin/python, 544
891109, /home/jungdaesuh/code/columbia/simsopt-pr-jax-port-squashed/.venv-qn-gpu/bin/python, 546
1785627781.134463265 2415310, /usr/libexec/gnome-remote-desktop-daemon, 635
2418383, /usr/bin/sunshine, 508
2415327, /usr/libexec/xdg-desktop-portal-gnome, 19
2874859, /usr/bin/resources, 52
889515, .venv-qn-gpu/bin/python, 544
891109, /home/jungdaesuh/code/columbia/simsopt-pr-jax-port-squashed/.venv-qn-gpu/bin/python, 546
1785627781.388656968 2415310, /usr/libexec/gnome-remote-desktop-daemon, 635
2418383, /usr/bin/sunshine, 508
2415327, /usr/libexec/xdg-desktop-portal-gnome, 19
2874859, /usr/bin/resources, 52
889515, .venv-qn-gpu/bin/python, 544
891109, /home/jungdaesuh/code/columbia/simsopt-pr-jax-port-squashed/.venv-qn-gpu/bin/python, 546
1785627781.630359469 2415310, /usr/libexec/gnome-remote-desktop-daemon, 635
2418383, /usr/bin/sunshine, 508
2415327, /usr/libexec/xdg-desktop-portal-gnome, 19
2874859, /usr/bin/resources, 52
889515, .venv-qn-gpu/bin/python, 544
891109, /home/jungdaesuh/code/columbia/simsopt-pr-jax-port-squashed/.venv-qn-gpu/bin/python, 546
1785627781.869950425 2415310, /usr/libexec/gnome-remote-desktop-daemon, 635
2418383, /usr/bin/sunshine, 508
2415327, /usr/libexec/xdg-desktop-portal-gnome, 19
2874859, /usr/bin/resources, 52
889515, .venv-qn-gpu/bin/python, 544
891109, /home/jungdaesuh/code/columbia/simsopt-pr-jax-port-squashed/.venv-qn-gpu/bin/python, 618
1785627782.112788672 2415310, /usr/libexec/gnome-remote-desktop-daemon, 635
2418383, /usr/bin/sunshine, 508
2415327, /usr/libexec/xdg-desktop-portal-gnome, 19
2874859, /usr/bin/resources, 52
889515, .venv-qn-gpu/bin/python, 544
891109, /home/jungdaesuh/code/columbia/simsopt-pr-jax-port-squashed/.venv-qn-gpu/bin/python, 546
1785627782.361679065 2415310, /usr/libexec/gnome-remote-desktop-daemon, 635
2418383, /usr/bin/sunshine, 508
2415327, /usr/libexec/xdg-desktop-portal-gnome, 19
2874859, /usr/bin/resources, 52
889515, .venv-qn-gpu/bin/python, 544
891109, /home/jungdaesuh/code/columbia/simsopt-pr-jax-port-squashed/.venv-qn-gpu/bin/python, 546
1785627782.609941945 2415310, /usr/libexec/gnome-remote-desktop-daemon, 635
2418383, /usr/bin/sunshine, 508
2415327, /usr/libexec/xdg-desktop-portal-gnome, 19
2874859, /usr/bin/resources, 52
889515, .venv-qn-gpu/bin/python, 544
891109, /home/jungdaesuh/code/columbia/simsopt-pr-jax-port-squashed/.venv-qn-gpu/bin/python, 546
1785627782.863754065 2415310, /usr/libexec/gnome-remote-desktop-daemon, 635
2418383, /usr/bin/sunshine, 508
2415327, /usr/libexec/xdg-desktop-portal-gnome, 19
2874859, /usr/bin/resources, 52
889515, .venv-qn-gpu/bin/python, 544
891109, /home/jungdaesuh/code/columbia/simsopt-pr-jax-port-squashed/.venv-qn-gpu/bin/python, 546
1785627783.114876292 2415310, /usr/libexec/gnome-remote-desktop-daemon, 635
2418383, /usr/bin/sunshine, 508
2415327, /usr/libexec/xdg-desktop-portal-gnome, 19
2874859, /usr/bin/resources, 52
889515, .venv-qn-gpu/bin/python, 544
891109, /home/jungdaesuh/code/columbia/simsopt-pr-jax-port-squashed/.venv-qn-gpu/bin/python, 546
1785627783.367658704 2415310, /usr/libexec/gnome-remote-desktop-daemon, 635
2418383, /usr/bin/sunshine, 508
2415327, /usr/libexec/xdg-desktop-portal-gnome, 19
2874859, /usr/bin/resources, 52
889515, .venv-qn-gpu/bin/python, 544
891109, /home/jungdaesuh/code/columbia/simsopt-pr-jax-port-squashed/.venv-qn-gpu/bin/python, 546
1785627783.615292619 2415310, /usr/libexec/gnome-remote-desktop-daemon, 635
2418383, /usr/bin/sunshine, 508
2415327, /usr/libexec/xdg-desktop-portal-gnome, 19
2874859, /usr/bin/resources, 52
889515, .venv-qn-gpu/bin/python, 544
891109, /home/jungdaesuh/code/columbia/simsopt-pr-jax-port-squashed/.venv-qn-gpu/bin/python, 546
1785627783.863767117 2415310, /usr/libexec/gnome-remote-desktop-daemon, 635
2418383, /usr/bin/sunshine, 508
2415327, /usr/libexec/xdg-desktop-portal-gnome, 19
2874859, /usr/bin/resources, 52
889515, .venv-qn-gpu/bin/python, 544
891109, /home/jungdaesuh/code/columbia/simsopt-pr-jax-port-squashed/.venv-qn-gpu/bin/python, 546
1785627784.101809977 2415310, /usr/libexec/gnome-remote-desktop-daemon, 635
2418383, /usr/bin/sunshine, 508
2415327, /usr/libexec/xdg-desktop-portal-gnome, 19
2874859, /usr/bin/resources, 52
889515, .venv-qn-gpu/bin/python, 544
891109, /home/jungdaesuh/code/columbia/simsopt-pr-jax-port-squashed/.venv-qn-gpu/bin/python, 546
1785627784.338083627 2415310, /usr/libexec/gnome-remote-desktop-daemon, 635
2418383, /usr/bin/sunshine, 508
2415327, /usr/libexec/xdg-desktop-portal-gnome, 19
2874859, /usr/bin/resources, 52
889515, .venv-qn-gpu/bin/python, 544
891109, /home/jungdaesuh/code/columbia/simsopt-pr-jax-port-squashed/.venv-qn-gpu/bin/python, 546
1785627784.593570655 2415310, /usr/libexec/gnome-remote-desktop-daemon, 635
2418383, /usr/bin/sunshine, 508
2415327, /usr/libexec/xdg-desktop-portal-gnome, 19
2874859, /usr/bin/resources, 52
889515, .venv-qn-gpu/bin/python, 544
891109, /home/jungdaesuh/code/columbia/simsopt-pr-jax-port-squashed/.venv-qn-gpu/bin/python, 546
1785627784.845540626 2415310, /usr/libexec/gnome-remote-desktop-daemon, 635
2418383, /usr/bin/sunshine, 508
2415327, /usr/libexec/xdg-desktop-portal-gnome, 19
2874859, /usr/bin/resources, 52
889515, .venv-qn-gpu/bin/python, 544
891109, /home/jungdaesuh/code/columbia/simsopt-pr-jax-port-squashed/.venv-qn-gpu/bin/python, 546
1785627785.091190559 2415310, /usr/libexec/gnome-remote-desktop-daemon, 635
2418383, /usr/bin/sunshine, 508
2415327, /usr/libexec/xdg-desktop-portal-gnome, 19
2874859, /usr/bin/resources, 52
889515, .venv-qn-gpu/bin/python, 544
891109, /home/jungdaesuh/code/columbia/simsopt-pr-jax-port-squashed/.venv-qn-gpu/bin/python, 546
1785627785.340583006 2415310, /usr/libexec/gnome-remote-desktop-daemon, 635
2418383, /usr/bin/sunshine, 508
2415327, /usr/libexec/xdg-desktop-portal-gnome, 19
2874859, /usr/bin/resources, 52
889515, .venv-qn-gpu/bin/python, 544
891109, /home/jungdaesuh/code/columbia/simsopt-pr-jax-port-squashed/.venv-qn-gpu/bin/python, 546
1785627785.590584459 2415310, /usr/libexec/gnome-remote-desktop-daemon, 635
2418383, /usr/bin/sunshine, 508
2415327, /usr/libexec/xdg-desktop-portal-gnome, 19
2874859, /usr/bin/resources, 52
889515, .venv-qn-gpu/bin/python, 544
891109, /home/jungdaesuh/code/columbia/simsopt-pr-jax-port-squashed/.venv-qn-gpu/bin/python, 546
1785627785.837706404 2415310, /usr/libexec/gnome-remote-desktop-daemon, 635
2418383, /usr/bin/sunshine, 508
2415327, /usr/libexec/xdg-desktop-portal-gnome, 19
2874859, /usr/bin/resources, 52
889515, .venv-qn-gpu/bin/python, 544
891109, /home/jungdaesuh/code/columbia/simsopt-pr-jax-port-squashed/.venv-qn-gpu/bin/python, 546
1785627786.084445714 2415310, /usr/libexec/gnome-remote-desktop-daemon, 635
2418383, /usr/bin/sunshine, 508
2415327, /usr/libexec/xdg-desktop-portal-gnome, 19
2874859, /usr/bin/resources, 52
889515, .venv-qn-gpu/bin/python, 544
891109, /home/jungdaesuh/code/columbia/simsopt-pr-jax-port-squashed/.venv-qn-gpu/bin/python, 546
1785627786.334724614 2415310, /usr/libexec/gnome-remote-desktop-daemon, 635
2418383, /usr/bin/sunshine, 508
2415327, /usr/libexec/xdg-desktop-portal-gnome, 19
2874859, /usr/bin/resources, 52
889515, .venv-qn-gpu/bin/python, 544
891109, /home/jungdaesuh/code/columbia/simsopt-pr-jax-port-squashed/.venv-qn-gpu/bin/python, 546
1785627786.576941166 2415310, /usr/libexec/gnome-remote-desktop-daemon, 635
2418383, /usr/bin/sunshine, 508
2415327, /usr/libexec/xdg-desktop-portal-gnome, 19
2874859, /usr/bin/resources, 52
889515, .venv-qn-gpu/bin/python, 544
891109, /home/jungdaesuh/code/columbia/simsopt-pr-jax-port-squashed/.venv-qn-gpu/bin/python, 546
1785627786.828071786 2415310, /usr/libexec/gnome-remote-desktop-daemon, 635
2418383, /usr/bin/sunshine, 508
2415327, /usr/libexec/xdg-desktop-portal-gnome, 19
2874859, /usr/bin/resources, 52
889515, .venv-qn-gpu/bin/python, 544
891109, /home/jungdaesuh/code/columbia/simsopt-pr-jax-port-squashed/.venv-qn-gpu/bin/python, 546
1785627787.063497132 2415310, /usr/libexec/gnome-remote-desktop-daemon, 635
2418383, /usr/bin/sunshine, 508
2415327, /usr/libexec/xdg-desktop-portal-gnome, 19
2874859, /usr/bin/resources, 52
889515, .venv-qn-gpu/bin/python, 544
891109, /home/jungdaesuh/code/columbia/simsopt-pr-jax-port-squashed/.venv-qn-gpu/bin/python, 546
1785627787.296130983 2415310, /usr/libexec/gnome-remote-desktop-daemon, 635
2418383, /usr/bin/sunshine, 508
2415327, /usr/libexec/xdg-desktop-portal-gnome, 19
2874859, /usr/bin/resources, 52
889515, .venv-qn-gpu/bin/python, 544
891109, /home/jungdaesuh/code/columbia/simsopt-pr-jax-port-squashed/.venv-qn-gpu/bin/python, 546
1785627787.536146998 2415310, /usr/libexec/gnome-remote-desktop-daemon, 635
2418383, /usr/bin/sunshine, 508
2415327, /usr/libexec/xdg-desktop-portal-gnome, 19
2874859, /usr/bin/resources, 52
889515, .venv-qn-gpu/bin/python, 544
891109, /home/jungdaesuh/code/columbia/simsopt-pr-jax-port-squashed/.venv-qn-gpu/bin/python, 546
1785627787.792926478 2415310, /usr/libexec/gnome-remote-desktop-daemon, 635
2418383, /usr/bin/sunshine, 508
2415327, /usr/libexec/xdg-desktop-portal-gnome, 19
2874859, /usr/bin/resources, 52
889515, .venv-qn-gpu/bin/python, 544
891109, /home/jungdaesuh/code/columbia/simsopt-pr-jax-port-squashed/.venv-qn-gpu/bin/python, 546
1785627788.050947834 2415310, /usr/libexec/gnome-remote-desktop-daemon, 635
2418383, /usr/bin/sunshine, 508
2415327, /usr/libexec/xdg-desktop-portal-gnome, 19
2874859, /usr/bin/resources, 52
889515, .venv-qn-gpu/bin/python, 544
891109, /home/jungdaesuh/code/columbia/simsopt-pr-jax-port-squashed/.venv-qn-gpu/bin/python, 546
1785627788.309308019 2415310, /usr/libexec/gnome-remote-desktop-daemon, 635
2418383, /usr/bin/sunshine, 508
2415327, /usr/libexec/xdg-desktop-portal-gnome, 19
2874859, /usr/bin/resources, 52
889515, .venv-qn-gpu/bin/python, 544
891109, /home/jungdaesuh/code/columbia/simsopt-pr-jax-port-squashed/.venv-qn-gpu/bin/python, 546
1785627788.564243397 2415310, /usr/libexec/gnome-remote-desktop-daemon, 635
2418383, /usr/bin/sunshine, 508
2415327, /usr/libexec/xdg-desktop-portal-gnome, 19
2874859, /usr/bin/resources, 52
889515, .venv-qn-gpu/bin/python, 544
891109, /home/jungdaesuh/code/columbia/simsopt-pr-jax-port-squashed/.venv-qn-gpu/bin/python, 546
1785627788.815624373 2415310, /usr/libexec/gnome-remote-desktop-daemon, 635
2418383, /usr/bin/sunshine, 508
2415327, /usr/libexec/xdg-desktop-portal-gnome, 19
2874859, /usr/bin/resources, 52
889515, .venv-qn-gpu/bin/python, 544
891109, /home/jungdaesuh/code/columbia/simsopt-pr-jax-port-squashed/.venv-qn-gpu/bin/python, 546
1785627789.083194460 2415310, /usr/libexec/gnome-remote-desktop-daemon, 635
2418383, /usr/bin/sunshine, 508
2415327, /usr/libexec/xdg-desktop-portal-gnome, 19
2874859, /usr/bin/resources, 52
889515, .venv-qn-gpu/bin/python, 544
891109, /home/jungdaesuh/code/columbia/simsopt-pr-jax-port-squashed/.venv-qn-gpu/bin/python, 546
1785627789.351969338 2415310, /usr/libexec/gnome-remote-desktop-daemon, 635
2418383, /usr/bin/sunshine, 508
2415327, /usr/libexec/xdg-desktop-portal-gnome, 19
2874859, /usr/bin/resources, 52
889515, .venv-qn-gpu/bin/python, 544
891109, /home/jungdaesuh/code/columbia/simsopt-pr-jax-port-squashed/.venv-qn-gpu/bin/python, 546
1785627789.617215733 2415310, /usr/libexec/gnome-remote-desktop-daemon, 635
2418383, /usr/bin/sunshine, 508
2415327, /usr/libexec/xdg-desktop-portal-gnome, 19
2874859, /usr/bin/resources, 52
889515, .venv-qn-gpu/bin/python, 544
891109, /home/jungdaesuh/code/columbia/simsopt-pr-jax-port-squashed/.venv-qn-gpu/bin/python, 546
1785627789.882660335 2415310, /usr/libexec/gnome-remote-desktop-daemon, 635
2418383, /usr/bin/sunshine, 508
2415327, /usr/libexec/xdg-desktop-portal-gnome, 19
2874859, /usr/bin/resources, 52
889515, .venv-qn-gpu/bin/python, 544
891109, /home/jungdaesuh/code/columbia/simsopt-pr-jax-port-squashed/.venv-qn-gpu/bin/python, 546
1785627790.145932753 2415310, /usr/libexec/gnome-remote-desktop-daemon, 635
2418383, /usr/bin/sunshine, 508
2415327, /usr/libexec/xdg-desktop-portal-gnome, 19
2874859, /usr/bin/resources, 52
889515, .venv-qn-gpu/bin/python, 544
891109, /home/jungdaesuh/code/columbia/simsopt-pr-jax-port-squashed/.venv-qn-gpu/bin/python, 546
1785627790.408036625 2415310, /usr/libexec/gnome-remote-desktop-daemon, 635
2418383, /usr/bin/sunshine, 508
2415327, /usr/libexec/xdg-desktop-portal-gnome, 19
2874859, /usr/bin/resources, 52
889515, .venv-qn-gpu/bin/python, 544
891109, /home/jungdaesuh/code/columbia/simsopt-pr-jax-port-squashed/.venv-qn-gpu/bin/python, 546
1785627790.678073800 2415310, /usr/libexec/gnome-remote-desktop-daemon, 635
2418383, /usr/bin/sunshine, 508
2415327, /usr/libexec/xdg-desktop-portal-gnome, 19
2874859, /usr/bin/resources, 52
889515, .venv-qn-gpu/bin/python, 544
891109, /home/jungdaesuh/code/columbia/simsopt-pr-jax-port-squashed/.venv-qn-gpu/bin/python, 546
1785627790.945012979 2415310, /usr/libexec/gnome-remote-desktop-daemon, 635
2418383, /usr/bin/sunshine, 508
2415327, /usr/libexec/xdg-desktop-portal-gnome, 19
2874859, /usr/bin/resources, 52
889515, .venv-qn-gpu/bin/python, 544
891109, /home/jungdaesuh/code/columbia/simsopt-pr-jax-port-squashed/.venv-qn-gpu/bin/python, 546
1785627791.195566932 2415310, /usr/libexec/gnome-remote-desktop-daemon, 635
2418383, /usr/bin/sunshine, 508
2415327, /usr/libexec/xdg-desktop-portal-gnome, 19
2874859, /usr/bin/resources, 52
889515, .venv-qn-gpu/bin/python, 544
891109, /home/jungdaesuh/code/columbia/simsopt-pr-jax-port-squashed/.venv-qn-gpu/bin/python, 546
1785627791.458004415 2415310, /usr/libexec/gnome-remote-desktop-daemon, 635
2418383, /usr/bin/sunshine, 508
2415327, /usr/libexec/xdg-desktop-portal-gnome, 19
2874859, /usr/bin/resources, 52
889515, .venv-qn-gpu/bin/python, 544
891109, /home/jungdaesuh/code/columbia/simsopt-pr-jax-port-squashed/.venv-qn-gpu/bin/python, 546
1785627791.722609966 2415310, /usr/libexec/gnome-remote-desktop-daemon, 635
2418383, /usr/bin/sunshine, 508
2415327, /usr/libexec/xdg-desktop-portal-gnome, 19
2874859, /usr/bin/resources, 52
889515, .venv-qn-gpu/bin/python, 544
891109, /home/jungdaesuh/code/columbia/simsopt-pr-jax-port-squashed/.venv-qn-gpu/bin/python, 546
1785627791.990814237 2415310, /usr/libexec/gnome-remote-desktop-daemon, 635
2418383, /usr/bin/sunshine, 508
2415327, /usr/libexec/xdg-desktop-portal-gnome, 19
2874859, /usr/bin/resources, 52
889515, .venv-qn-gpu/bin/python, 544
891109, /home/jungdaesuh/code/columbia/simsopt-pr-jax-port-squashed/.venv-qn-gpu/bin/python, 546
1785627792.257477251 2415310, /usr/libexec/gnome-remote-desktop-daemon, 635
2418383, /usr/bin/sunshine, 508
2415327, /usr/libexec/xdg-desktop-portal-gnome, 19
2874859, /usr/bin/resources, 52
889515, .venv-qn-gpu/bin/python, 544
891109, /home/jungdaesuh/code/columbia/simsopt-pr-jax-port-squashed/.venv-qn-gpu/bin/python, 546
1785627792.538425133 2415310, /usr/libexec/gnome-remote-desktop-daemon, 635
2418383, /usr/bin/sunshine, 508
2415327, /usr/libexec/xdg-desktop-portal-gnome, 19
2874859, /usr/bin/resources, 52
889515, .venv-qn-gpu/bin/python, 544
891109, /home/jungdaesuh/code/columbia/simsopt-pr-jax-port-squashed/.venv-qn-gpu/bin/python, 546
1785627792.811443439 2415310, /usr/libexec/gnome-remote-desktop-daemon, 635
2418383, /usr/bin/sunshine, 508
2415327, /usr/libexec/xdg-desktop-portal-gnome, 19
2874859, /usr/bin/resources, 52
889515, .venv-qn-gpu/bin/python, 544
891109, /home/jungdaesuh/code/columbia/simsopt-pr-jax-port-squashed/.venv-qn-gpu/bin/python, 546
1785627793.077610317 2415310, /usr/libexec/gnome-remote-desktop-daemon, 635
2418383, /usr/bin/sunshine, 508
2415327, /usr/libexec/xdg-desktop-portal-gnome, 19
2874859, /usr/bin/resources, 52
889515, .venv-qn-gpu/bin/python, 544
891109, /home/jungdaesuh/code/columbia/simsopt-pr-jax-port-squashed/.venv-qn-gpu/bin/python, 546
1785627793.342680947 2415310, /usr/libexec/gnome-remote-desktop-daemon, 635
2418383, /usr/bin/sunshine, 508
2415327, /usr/libexec/xdg-desktop-portal-gnome, 19
2874859, /usr/bin/resources, 52
889515, .venv-qn-gpu/bin/python, 544
891109, /home/jungdaesuh/code/columbia/simsopt-pr-jax-port-squashed/.venv-qn-gpu/bin/python, 546
1785627793.609213495 2415310, /usr/libexec/gnome-remote-desktop-daemon, 635
2418383, /usr/bin/sunshine, 508
2415327, /usr/libexec/xdg-desktop-portal-gnome, 19
2874859, /usr/bin/resources, 52
889515, .venv-qn-gpu/bin/python, 544
891109, /home/jungdaesuh/code/columbia/simsopt-pr-jax-port-squashed/.venv-qn-gpu/bin/python, 546
1785627793.869892956 2415310, /usr/libexec/gnome-remote-desktop-daemon, 635
2418383, /usr/bin/sunshine, 508
2415327, /usr/libexec/xdg-desktop-portal-gnome, 19
2874859, /usr/bin/resources, 52
889515, .venv-qn-gpu/bin/python, 544
891109, /home/jungdaesuh/code/columbia/simsopt-pr-jax-port-squashed/.venv-qn-gpu/bin/python, 546
1785627794.127611517 2415310, /usr/libexec/gnome-remote-desktop-daemon, 635
2418383, /usr/bin/sunshine, 508
2415327, /usr/libexec/xdg-desktop-portal-gnome, 19
2874859, /usr/bin/resources, 52
889515, .venv-qn-gpu/bin/python, 544
891109, /home/jungdaesuh/code/columbia/simsopt-pr-jax-port-squashed/.venv-qn-gpu/bin/python, 546
1785627794.390216281 2415310, /usr/libexec/gnome-remote-desktop-daemon, 635
2418383, /usr/bin/sunshine, 508
2415327, /usr/libexec/xdg-desktop-portal-gnome, 19
2874859, /usr/bin/resources, 52
889515, .venv-qn-gpu/bin/python, 544
891109, /home/jungdaesuh/code/columbia/simsopt-pr-jax-port-squashed/.venv-qn-gpu/bin/python, 546
1785627794.648022284 2415310, /usr/libexec/gnome-remote-desktop-daemon, 635
2418383, /usr/bin/sunshine, 508
2415327, /usr/libexec/xdg-desktop-portal-gnome, 19
2874859, /usr/bin/resources, 52
889515, .venv-qn-gpu/bin/python, 544
891109, /home/jungdaesuh/code/columbia/simsopt-pr-jax-port-squashed/.venv-qn-gpu/bin/python, 546
1785627794.916887227 2415310, /usr/libexec/gnome-remote-desktop-daemon, 635
2418383, /usr/bin/sunshine, 508
2415327, /usr/libexec/xdg-desktop-portal-gnome, 19
2874859, /usr/bin/resources, 52
889515, .venv-qn-gpu/bin/python, 544
891109, /home/jungdaesuh/code/columbia/simsopt-pr-jax-port-squashed/.venv-qn-gpu/bin/python, 546
1785627795.172222366 2415310, /usr/libexec/gnome-remote-desktop-daemon, 635
2418383, /usr/bin/sunshine, 508
2415327, /usr/libexec/xdg-desktop-portal-gnome, 19
2874859, /usr/bin/resources, 52
889515, .venv-qn-gpu/bin/python, 544
891109, /home/jungdaesuh/code/columbia/simsopt-pr-jax-port-squashed/.venv-qn-gpu/bin/python, 546
1785627795.418406031 2415310, /usr/libexec/gnome-remote-desktop-daemon, 635
2418383, /usr/bin/sunshine, 508
2415327, /usr/libexec/xdg-desktop-portal-gnome, 19
2874859, /usr/bin/resources, 52
889515, .venv-qn-gpu/bin/python, 544
891109, /home/jungdaesuh/code/columbia/simsopt-pr-jax-port-squashed/.venv-qn-gpu/bin/python, 548
1785627795.670030473 2415310, /usr/libexec/gnome-remote-desktop-daemon, 635
2418383, /usr/bin/sunshine, 508
2415327, /usr/libexec/xdg-desktop-portal-gnome, 19
2874859, /usr/bin/resources, 52
889515, .venv-qn-gpu/bin/python, 544
891109, /home/jungdaesuh/code/columbia/simsopt-pr-jax-port-squashed/.venv-qn-gpu/bin/python, 548
1785627795.935755126 2415310, /usr/libexec/gnome-remote-desktop-daemon, 635
2418383, /usr/bin/sunshine, 508
2415327, /usr/libexec/xdg-desktop-portal-gnome, 19
2874859, /usr/bin/resources, 52
889515, .venv-qn-gpu/bin/python, 544
891109, /home/jungdaesuh/code/columbia/simsopt-pr-jax-port-squashed/.venv-qn-gpu/bin/python, 548
1785627796.201659379 2415310, /usr/libexec/gnome-remote-desktop-daemon, 635
2418383, /usr/bin/sunshine, 508
2415327, /usr/libexec/xdg-desktop-portal-gnome, 19
2874859, /usr/bin/resources, 52
889515, .venv-qn-gpu/bin/python, 544
891109, /home/jungdaesuh/code/columbia/simsopt-pr-jax-port-squashed/.venv-qn-gpu/bin/python, 548
1785627796.470926928 2415310, /usr/libexec/gnome-remote-desktop-daemon, 635
2418383, /usr/bin/sunshine, 508
2415327, /usr/libexec/xdg-desktop-portal-gnome, 19
2874859, /usr/bin/resources, 52
889515, .venv-qn-gpu/bin/python, 544
891109, /home/jungdaesuh/code/columbia/simsopt-pr-jax-port-squashed/.venv-qn-gpu/bin/python, 548
1785627796.739048814 2415310, /usr/libexec/gnome-remote-desktop-daemon, 635
2418383, /usr/bin/sunshine, 508
2415327, /usr/libexec/xdg-desktop-portal-gnome, 19
2874859, /usr/bin/resources, 52
889515, .venv-qn-gpu/bin/python, 544
891109, /home/jungdaesuh/code/columbia/simsopt-pr-jax-port-squashed/.venv-qn-gpu/bin/python, 548
1785627796.990815069 2415310, /usr/libexec/gnome-remote-desktop-daemon, 635
2418383, /usr/bin/sunshine, 508
2415327, /usr/libexec/xdg-desktop-portal-gnome, 19
2874859, /usr/bin/resources, 52
889515, .venv-qn-gpu/bin/python, 544
891109, /home/jungdaesuh/code/columbia/simsopt-pr-jax-port-squashed/.venv-qn-gpu/bin/python, 548
1785627797.271355420 2415310, /usr/libexec/gnome-remote-desktop-daemon, 635
2418383, /usr/bin/sunshine, 508
2415327, /usr/libexec/xdg-desktop-portal-gnome, 19
2874859, /usr/bin/resources, 52
889515, .venv-qn-gpu/bin/python, 544
891109, /home/jungdaesuh/code/columbia/simsopt-pr-jax-port-squashed/.venv-qn-gpu/bin/python, 548
1785627797.529153410 2415310, /usr/libexec/gnome-remote-desktop-daemon, 635
2418383, /usr/bin/sunshine, 508
2415327, /usr/libexec/xdg-desktop-portal-gnome, 19
2874859, /usr/bin/resources, 52
889515, .venv-qn-gpu/bin/python, 544
891109, /home/jungdaesuh/code/columbia/simsopt-pr-jax-port-squashed/.venv-qn-gpu/bin/python, 548
1785627797.786002264 2415310, /usr/libexec/gnome-remote-desktop-daemon, 635
2418383, /usr/bin/sunshine, 508
2415327, /usr/libexec/xdg-desktop-portal-gnome, 19
2874859, /usr/bin/resources, 52
889515, .venv-qn-gpu/bin/python, 544
891109, /home/jungdaesuh/code/columbia/simsopt-pr-jax-port-squashed/.venv-qn-gpu/bin/python, 548
1785627798.060348014 2415310, /usr/libexec/gnome-remote-desktop-daemon, 635
2418383, /usr/bin/sunshine, 508
2415327, /usr/libexec/xdg-desktop-portal-gnome, 19
2874859, /usr/bin/resources, 52
889515, .venv-qn-gpu/bin/python, 544
891109, /home/jungdaesuh/code/columbia/simsopt-pr-jax-port-squashed/.venv-qn-gpu/bin/python, 548
1785627798.317816559 2415310, /usr/libexec/gnome-remote-desktop-daemon, 635
2418383, /usr/bin/sunshine, 508
2415327, /usr/libexec/xdg-desktop-portal-gnome, 19
2874859, /usr/bin/resources, 52
889515, .venv-qn-gpu/bin/python, 544
891109, /home/jungdaesuh/code/columbia/simsopt-pr-jax-port-squashed/.venv-qn-gpu/bin/python, 548
1785627798.586050985 2415310, /usr/libexec/gnome-remote-desktop-daemon, 635
2418383, /usr/bin/sunshine, 508
2415327, /usr/libexec/xdg-desktop-portal-gnome, 19
2874859, /usr/bin/resources, 52
889515, .venv-qn-gpu/bin/python, 544
891109, /home/jungdaesuh/code/columbia/simsopt-pr-jax-port-squashed/.venv-qn-gpu/bin/python, 548
1785627798.846890246 2415310, /usr/libexec/gnome-remote-desktop-daemon, 635
2418383, /usr/bin/sunshine, 508
2415327, /usr/libexec/xdg-desktop-portal-gnome, 19
2874859, /usr/bin/resources, 52
889515, .venv-qn-gpu/bin/python, 544
891109, /home/jungdaesuh/code/columbia/simsopt-pr-jax-port-squashed/.venv-qn-gpu/bin/python, 548
1785627799.118265382 2415310, /usr/libexec/gnome-remote-desktop-daemon, 635
2418383, /usr/bin/sunshine, 508
2415327, /usr/libexec/xdg-desktop-portal-gnome, 19
2874859, /usr/bin/resources, 52
889515, .venv-qn-gpu/bin/python, 544
891109, /home/jungdaesuh/code/columbia/simsopt-pr-jax-port-squashed/.venv-qn-gpu/bin/python, 548
1785627799.393453157 2415310, /usr/libexec/gnome-remote-desktop-daemon, 635
2418383, /usr/bin/sunshine, 508
2415327, /usr/libexec/xdg-desktop-portal-gnome, 19
2874859, /usr/bin/resources, 52
889515, .venv-qn-gpu/bin/python, 544
891109, /home/jungdaesuh/code/columbia/simsopt-pr-jax-port-squashed/.venv-qn-gpu/bin/python, 548
1785627799.665509507 2415310, /usr/libexec/gnome-remote-desktop-daemon, 635
2418383, /usr/bin/sunshine, 508
2415327, /usr/libexec/xdg-desktop-portal-gnome, 19
2874859, /usr/bin/resources, 52
889515, .venv-qn-gpu/bin/python, 544
891109, /home/jungdaesuh/code/columbia/simsopt-pr-jax-port-squashed/.venv-qn-gpu/bin/python, 548
1785627799.930541549 2415310, /usr/libexec/gnome-remote-desktop-daemon, 635
2418383, /usr/bin/sunshine, 508
2415327, /usr/libexec/xdg-desktop-portal-gnome, 19
2874859, /usr/bin/resources, 52
889515, .venv-qn-gpu/bin/python, 544
891109, /home/jungdaesuh/code/columbia/simsopt-pr-jax-port-squashed/.venv-qn-gpu/bin/python, 548
1785627800.193788649 2415310, /usr/libexec/gnome-remote-desktop-daemon, 635
2418383, /usr/bin/sunshine, 508
2415327, /usr/libexec/xdg-desktop-portal-gnome, 19
2874859, /usr/bin/resources, 52
889515, .venv-qn-gpu/bin/python, 544
891109, /home/jungdaesuh/code/columbia/simsopt-pr-jax-port-squashed/.venv-qn-gpu/bin/python, 548
1785627800.456901287 2415310, /usr/libexec/gnome-remote-desktop-daemon, 635
2418383, /usr/bin/sunshine, 508
2415327, /usr/libexec/xdg-desktop-portal-gnome, 19
2874859, /usr/bin/resources, 52
889515, .venv-qn-gpu/bin/python, 544
891109, /home/jungdaesuh/code/columbia/simsopt-pr-jax-port-squashed/.venv-qn-gpu/bin/python, 548
1785627800.731112796 2415310, /usr/libexec/gnome-remote-desktop-daemon, 635
2418383, /usr/bin/sunshine, 508
2415327, /usr/libexec/xdg-desktop-portal-gnome, 19
2874859, /usr/bin/resources, 52
889515, .venv-qn-gpu/bin/python, 544
891109, /home/jungdaesuh/code/columbia/simsopt-pr-jax-port-squashed/.venv-qn-gpu/bin/python, 548
1785627800.989907834 2415310, /usr/libexec/gnome-remote-desktop-daemon, 635
2418383, /usr/bin/sunshine, 508
2415327, /usr/libexec/xdg-desktop-portal-gnome, 19
2874859, /usr/bin/resources, 52
889515, .venv-qn-gpu/bin/python, 544
891109, /home/jungdaesuh/code/columbia/simsopt-pr-jax-port-squashed/.venv-qn-gpu/bin/python, 548
1785627801.250430790 2415310, /usr/libexec/gnome-remote-desktop-daemon, 635
2418383, /usr/bin/sunshine, 508
2415327, /usr/libexec/xdg-desktop-portal-gnome, 19
2874859, /usr/bin/resources, 52
889515, .venv-qn-gpu/bin/python, 544
891109, /home/jungdaesuh/code/columbia/simsopt-pr-jax-port-squashed/.venv-qn-gpu/bin/python, 548
1785627801.542196382 2415310, /usr/libexec/gnome-remote-desktop-daemon, 635
2418383, /usr/bin/sunshine, 508
2415327, /usr/libexec/xdg-desktop-portal-gnome, 19
2874859, /usr/bin/resources, 52
889515, .venv-qn-gpu/bin/python, 544
891109, /home/jungdaesuh/code/columbia/simsopt-pr-jax-port-squashed/.venv-qn-gpu/bin/python, 548
1785627801.804113593 2415310, /usr/libexec/gnome-remote-desktop-daemon, 635
2418383, /usr/bin/sunshine, 508
2415327, /usr/libexec/xdg-desktop-portal-gnome, 19
2874859, /usr/bin/resources, 52
889515, .venv-qn-gpu/bin/python, 544
891109, /home/jungdaesuh/code/columbia/simsopt-pr-jax-port-squashed/.venv-qn-gpu/bin/python, 548
1785627802.049591437 2415310, /usr/libexec/gnome-remote-desktop-daemon, 635
2418383, /usr/bin/sunshine, 508
2415327, /usr/libexec/xdg-desktop-portal-gnome, 19
2874859, /usr/bin/resources, 52
889515, .venv-qn-gpu/bin/python, 544
891109, /home/jungdaesuh/code/columbia/simsopt-pr-jax-port-squashed/.venv-qn-gpu/bin/python, 548
1785627802.331614846 2415310, /usr/libexec/gnome-remote-desktop-daemon, 635
2418383, /usr/bin/sunshine, 508
2415327, /usr/libexec/xdg-desktop-portal-gnome, 19
2874859, /usr/bin/resources, 52
889515, .venv-qn-gpu/bin/python, 544
891109, /home/jungdaesuh/code/columbia/simsopt-pr-jax-port-squashed/.venv-qn-gpu/bin/python, 548
1785627802.596183022 2415310, /usr/libexec/gnome-remote-desktop-daemon, 635
2418383, /usr/bin/sunshine, 508
2415327, /usr/libexec/xdg-desktop-portal-gnome, 19
2874859, /usr/bin/resources, 52
889515, .venv-qn-gpu/bin/python, 544
891109, /home/jungdaesuh/code/columbia/simsopt-pr-jax-port-squashed/.venv-qn-gpu/bin/python, 548
1785627802.871945491 2415310, /usr/libexec/gnome-remote-desktop-daemon, 635
2418383, /usr/bin/sunshine, 508
2415327, /usr/libexec/xdg-desktop-portal-gnome, 19
2874859, /usr/bin/resources, 52
889515, .venv-qn-gpu/bin/python, 544
891109, /home/jungdaesuh/code/columbia/simsopt-pr-jax-port-squashed/.venv-qn-gpu/bin/python, 548
1785627803.134089433 2415310, /usr/libexec/gnome-remote-desktop-daemon, 635
2418383, /usr/bin/sunshine, 508
2415327, /usr/libexec/xdg-desktop-portal-gnome, 19
2874859, /usr/bin/resources, 52
889515, .venv-qn-gpu/bin/python, 544
891109, /home/jungdaesuh/code/columbia/simsopt-pr-jax-port-squashed/.venv-qn-gpu/bin/python, 548
1785627803.403531063 2415310, /usr/libexec/gnome-remote-desktop-daemon, 635
2418383, /usr/bin/sunshine, 508
2415327, /usr/libexec/xdg-desktop-portal-gnome, 19
2874859, /usr/bin/resources, 52
889515, .venv-qn-gpu/bin/python, 544
891109, /home/jungdaesuh/code/columbia/simsopt-pr-jax-port-squashed/.venv-qn-gpu/bin/python, 548
1785627803.663649681 2415310, /usr/libexec/gnome-remote-desktop-daemon, 635
2418383, /usr/bin/sunshine, 508
2415327, /usr/libexec/xdg-desktop-portal-gnome, 19
2874859, /usr/bin/resources, 52
889515, .venv-qn-gpu/bin/python, 544
891109, /home/jungdaesuh/code/columbia/simsopt-pr-jax-port-squashed/.venv-qn-gpu/bin/python, 548
1785627803.928263425 2415310, /usr/libexec/gnome-remote-desktop-daemon, 635
2418383, /usr/bin/sunshine, 508
2415327, /usr/libexec/xdg-desktop-portal-gnome, 19
2874859, /usr/bin/resources, 52
889515, .venv-qn-gpu/bin/python, 544
891109, /home/jungdaesuh/code/columbia/simsopt-pr-jax-port-squashed/.venv-qn-gpu/bin/python, 548
1785627804.184489633 2415310, /usr/libexec/gnome-remote-desktop-daemon, 635
2418383, /usr/bin/sunshine, 508
2415327, /usr/libexec/xdg-desktop-portal-gnome, 19
2874859, /usr/bin/resources, 52
889515, .venv-qn-gpu/bin/python, 544
891109, /home/jungdaesuh/code/columbia/simsopt-pr-jax-port-squashed/.venv-qn-gpu/bin/python, 548
1785627804.433397873 2415310, /usr/libexec/gnome-remote-desktop-daemon, 635
2418383, /usr/bin/sunshine, 508
2415327, /usr/libexec/xdg-desktop-portal-gnome, 19
2874859, /usr/bin/resources, 52
889515, .venv-qn-gpu/bin/python, 544
891109, /home/jungdaesuh/code/columbia/simsopt-pr-jax-port-squashed/.venv-qn-gpu/bin/python, 548
1785627804.722377026 2415310, /usr/libexec/gnome-remote-desktop-daemon, 635
2418383, /usr/bin/sunshine, 508
2415327, /usr/libexec/xdg-desktop-portal-gnome, 19
2874859, /usr/bin/resources, 52
889515, .venv-qn-gpu/bin/python, 544
891109, /home/jungdaesuh/code/columbia/simsopt-pr-jax-port-squashed/.venv-qn-gpu/bin/python, 548
1785627804.993824310 2415310, /usr/libexec/gnome-remote-desktop-daemon, 635
2418383, /usr/bin/sunshine, 508
2415327, /usr/libexec/xdg-desktop-portal-gnome, 19
2874859, /usr/bin/resources, 52
889515, .venv-qn-gpu/bin/python, 544
891109, /home/jungdaesuh/code/columbia/simsopt-pr-jax-port-squashed/.venv-qn-gpu/bin/python, 548
1785627805.260683729 2415310, /usr/libexec/gnome-remote-desktop-daemon, 635
2418383, /usr/bin/sunshine, 508
2415327, /usr/libexec/xdg-desktop-portal-gnome, 19
2874859, /usr/bin/resources, 52
889515, .venv-qn-gpu/bin/python, 544
891109, /home/jungdaesuh/code/columbia/simsopt-pr-jax-port-squashed/.venv-qn-gpu/bin/python, 548
1785627805.529473178 2415310, /usr/libexec/gnome-remote-desktop-daemon, 635
2418383, /usr/bin/sunshine, 508
2415327, /usr/libexec/xdg-desktop-portal-gnome, 19
2874859, /usr/bin/resources, 52
889515, .venv-qn-gpu/bin/python, 544
891109, /home/jungdaesuh/code/columbia/simsopt-pr-jax-port-squashed/.venv-qn-gpu/bin/python, 548
1785627805.793040480 2415310, /usr/libexec/gnome-remote-desktop-daemon, 635
2418383, /usr/bin/sunshine, 508
2415327, /usr/libexec/xdg-desktop-portal-gnome, 19
2874859, /usr/bin/resources, 52
889515, .venv-qn-gpu/bin/python, 544
891109, /home/jungdaesuh/code/columbia/simsopt-pr-jax-port-squashed/.venv-qn-gpu/bin/python, 548
1785627806.039628172 2415310, /usr/libexec/gnome-remote-desktop-daemon, 635
2418383, /usr/bin/sunshine, 508
2415327, /usr/libexec/xdg-desktop-portal-gnome, 19
2874859, /usr/bin/resources, 52
889515, .venv-qn-gpu/bin/python, 544
891109, /home/jungdaesuh/code/columbia/simsopt-pr-jax-port-squashed/.venv-qn-gpu/bin/python, 548
1785627806.281765826 2415310, /usr/libexec/gnome-remote-desktop-daemon, 635
2418383, /usr/bin/sunshine, 508
2415327, /usr/libexec/xdg-desktop-portal-gnome, 19
2874859, /usr/bin/resources, 52
889515, .venv-qn-gpu/bin/python, 544
891109, /home/jungdaesuh/code/columbia/simsopt-pr-jax-port-squashed/.venv-qn-gpu/bin/python, 548
1785627806.544006002 2415310, /usr/libexec/gnome-remote-desktop-daemon, 635
2418383, /usr/bin/sunshine, 508
2415327, /usr/libexec/xdg-desktop-portal-gnome, 19
2874859, /usr/bin/resources, 52
889515, .venv-qn-gpu/bin/python, 544
891109, /home/jungdaesuh/code/columbia/simsopt-pr-jax-port-squashed/.venv-qn-gpu/bin/python, 548
1785627806.787320856 2415310, /usr/libexec/gnome-remote-desktop-daemon, 635
2418383, /usr/bin/sunshine, 508
2415327, /usr/libexec/xdg-desktop-portal-gnome, 19
2874859, /usr/bin/resources, 52
889515, .venv-qn-gpu/bin/python, 544
891109, /home/jungdaesuh/code/columbia/simsopt-pr-jax-port-squashed/.venv-qn-gpu/bin/python, 548
1785627807.070628245 2415310, /usr/libexec/gnome-remote-desktop-daemon, 635
2418383, /usr/bin/sunshine, 508
2415327, /usr/libexec/xdg-desktop-portal-gnome, 19
2874859, /usr/bin/resources, 52
889515, .venv-qn-gpu/bin/python, 544
891109, /home/jungdaesuh/code/columbia/simsopt-pr-jax-port-squashed/.venv-qn-gpu/bin/python, 548
1785627807.330217908 2415310, /usr/libexec/gnome-remote-desktop-daemon, 635
2418383, /usr/bin/sunshine, 508
2415327, /usr/libexec/xdg-desktop-portal-gnome, 19
2874859, /usr/bin/resources, 52
889515, .venv-qn-gpu/bin/python, 544
891109, /home/jungdaesuh/code/columbia/simsopt-pr-jax-port-squashed/.venv-qn-gpu/bin/python, 548
1785627807.579070984 2415310, /usr/libexec/gnome-remote-desktop-daemon, 635
2418383, /usr/bin/sunshine, 508
2415327, /usr/libexec/xdg-desktop-portal-gnome, 19
2874859, /usr/bin/resources, 52
889515, .venv-qn-gpu/bin/python, 544
891109, /home/jungdaesuh/code/columbia/simsopt-pr-jax-port-squashed/.venv-qn-gpu/bin/python, 548
1785627807.837221374 2415310, /usr/libexec/gnome-remote-desktop-daemon, 635
2418383, /usr/bin/sunshine, 508
2415327, /usr/libexec/xdg-desktop-portal-gnome, 19
2874859, /usr/bin/resources, 52
889515, .venv-qn-gpu/bin/python, 544
891109, /home/jungdaesuh/code/columbia/simsopt-pr-jax-port-squashed/.venv-qn-gpu/bin/python, 548
1785627808.097665802 2415310, /usr/libexec/gnome-remote-desktop-daemon, 635
2418383, /usr/bin/sunshine, 508
2415327, /usr/libexec/xdg-desktop-portal-gnome, 19
2874859, /usr/bin/resources, 52
889515, .venv-qn-gpu/bin/python, 544
891109, /home/jungdaesuh/code/columbia/simsopt-pr-jax-port-squashed/.venv-qn-gpu/bin/python, 548
1785627808.353700823 2415310, /usr/libexec/gnome-remote-desktop-daemon, 635
2418383, /usr/bin/sunshine, 508
2415327, /usr/libexec/xdg-desktop-portal-gnome, 19
2874859, /usr/bin/resources, 52
889515, .venv-qn-gpu/bin/python, 544
891109, /home/jungdaesuh/code/columbia/simsopt-pr-jax-port-squashed/.venv-qn-gpu/bin/python, 548
1785627808.617746393 2415310, /usr/libexec/gnome-remote-desktop-daemon, 635
2418383, /usr/bin/sunshine, 508
2415327, /usr/libexec/xdg-desktop-portal-gnome, 19
2874859, /usr/bin/resources, 52
889515, .venv-qn-gpu/bin/python, 544
891109, /home/jungdaesuh/code/columbia/simsopt-pr-jax-port-squashed/.venv-qn-gpu/bin/python, 548
1785627808.859781453 2415310, /usr/libexec/gnome-remote-desktop-daemon, 635
2418383, /usr/bin/sunshine, 508
2415327, /usr/libexec/xdg-desktop-portal-gnome, 19
2874859, /usr/bin/resources, 52
889515, .venv-qn-gpu/bin/python, 544
891109, /home/jungdaesuh/code/columbia/simsopt-pr-jax-port-squashed/.venv-qn-gpu/bin/python, 548
1785627809.102841674 2415310, /usr/libexec/gnome-remote-desktop-daemon, 635
2418383, /usr/bin/sunshine, 508
2415327, /usr/libexec/xdg-desktop-portal-gnome, 19
2874859, /usr/bin/resources, 52
889515, .venv-qn-gpu/bin/python, 544
891109, /home/jungdaesuh/code/columbia/simsopt-pr-jax-port-squashed/.venv-qn-gpu/bin/python, 548
1785627809.371669711 2415310, /usr/libexec/gnome-remote-desktop-daemon, 635
2418383, /usr/bin/sunshine, 508
2415327, /usr/libexec/xdg-desktop-portal-gnome, 19
2874859, /usr/bin/resources, 52
889515, .venv-qn-gpu/bin/python, 544
891109, /home/jungdaesuh/code/columbia/simsopt-pr-jax-port-squashed/.venv-qn-gpu/bin/python, 548
1785627809.633892111 2415310, /usr/libexec/gnome-remote-desktop-daemon, 635
2418383, /usr/bin/sunshine, 508
2415327, /usr/libexec/xdg-desktop-portal-gnome, 19
2874859, /usr/bin/resources, 52
889515, .venv-qn-gpu/bin/python, 544
891109, /home/jungdaesuh/code/columbia/simsopt-pr-jax-port-squashed/.venv-qn-gpu/bin/python, 548
1785627809.892164935 2415310, /usr/libexec/gnome-remote-desktop-daemon, 635
2418383, /usr/bin/sunshine, 508
2415327, /usr/libexec/xdg-desktop-portal-gnome, 19
2874859, /usr/bin/resources, 52
889515, .venv-qn-gpu/bin/python, 544
891109, /home/jungdaesuh/code/columbia/simsopt-pr-jax-port-squashed/.venv-qn-gpu/bin/python, 548
1785627810.146043575 2415310, /usr/libexec/gnome-remote-desktop-daemon, 635
2418383, /usr/bin/sunshine, 508
2415327, /usr/libexec/xdg-desktop-portal-gnome, 19
2874859, /usr/bin/resources, 52
889515, .venv-qn-gpu/bin/python, 544
891109, /home/jungdaesuh/code/columbia/simsopt-pr-jax-port-squashed/.venv-qn-gpu/bin/python, 548
1785627810.410216857 2415310, /usr/libexec/gnome-remote-desktop-daemon, 635
2418383, /usr/bin/sunshine, 508
2415327, /usr/libexec/xdg-desktop-portal-gnome, 19
2874859, /usr/bin/resources, 52
889515, .venv-qn-gpu/bin/python, 544
891109, /home/jungdaesuh/code/columbia/simsopt-pr-jax-port-squashed/.venv-qn-gpu/bin/python, 548
1785627810.689016561 2415310, /usr/libexec/gnome-remote-desktop-daemon, 635
2418383, /usr/bin/sunshine, 508
2415327, /usr/libexec/xdg-desktop-portal-gnome, 19
2874859, /usr/bin/resources, 52
889515, .venv-qn-gpu/bin/python, 544
891109, /home/jungdaesuh/code/columbia/simsopt-pr-jax-port-squashed/.venv-qn-gpu/bin/python, 548
1785627810.945823512 2415310, /usr/libexec/gnome-remote-desktop-daemon, 635
2418383, /usr/bin/sunshine, 508
2415327, /usr/libexec/xdg-desktop-portal-gnome, 19
2874859, /usr/bin/resources, 52
889515, .venv-qn-gpu/bin/python, 544
891109, /home/jungdaesuh/code/columbia/simsopt-pr-jax-port-squashed/.venv-qn-gpu/bin/python, 548
1785627811.221720003 2415310, /usr/libexec/gnome-remote-desktop-daemon, 635
2418383, /usr/bin/sunshine, 508
2415327, /usr/libexec/xdg-desktop-portal-gnome, 19
2874859, /usr/bin/resources, 52
889515, .venv-qn-gpu/bin/python, 544
891109, /home/jungdaesuh/code/columbia/simsopt-pr-jax-port-squashed/.venv-qn-gpu/bin/python, 548
1785627811.496121717 2415310, /usr/libexec/gnome-remote-desktop-daemon, 635
2418383, /usr/bin/sunshine, 508
2415327, /usr/libexec/xdg-desktop-portal-gnome, 19
2874859, /usr/bin/resources, 52
889515, .venv-qn-gpu/bin/python, 544
891109, /home/jungdaesuh/code/columbia/simsopt-pr-jax-port-squashed/.venv-qn-gpu/bin/python, 548
1785627811.753786447 2415310, /usr/libexec/gnome-remote-desktop-daemon, 635
2418383, /usr/bin/sunshine, 508
2415327, /usr/libexec/xdg-desktop-portal-gnome, 19
2874859, /usr/bin/resources, 52
889515, .venv-qn-gpu/bin/python, 544
891109, /home/jungdaesuh/code/columbia/simsopt-pr-jax-port-squashed/.venv-qn-gpu/bin/python, 548
1785627812.010974661 2415310, /usr/libexec/gnome-remote-desktop-daemon, 635
2418383, /usr/bin/sunshine, 508
2415327, /usr/libexec/xdg-desktop-portal-gnome, 19
2874859, /usr/bin/resources, 52
889515, .venv-qn-gpu/bin/python, 544
891109, /home/jungdaesuh/code/columbia/simsopt-pr-jax-port-squashed/.venv-qn-gpu/bin/python, 548
1785627812.265818271 2415310, /usr/libexec/gnome-remote-desktop-daemon, 635
2418383, /usr/bin/sunshine, 508
2415327, /usr/libexec/xdg-desktop-portal-gnome, 19
2874859, /usr/bin/resources, 52
889515, .venv-qn-gpu/bin/python, 544
891109, /home/jungdaesuh/code/columbia/simsopt-pr-jax-port-squashed/.venv-qn-gpu/bin/python, 548
1785627812.514284176 2415310, /usr/libexec/gnome-remote-desktop-daemon, 635
2418383, /usr/bin/sunshine, 508
2415327, /usr/libexec/xdg-desktop-portal-gnome, 19
2874859, /usr/bin/resources, 52
889515, .venv-qn-gpu/bin/python, 544
891109, /home/jungdaesuh/code/columbia/simsopt-pr-jax-port-squashed/.venv-qn-gpu/bin/python, 548
1785627812.765282297 2415310, /usr/libexec/gnome-remote-desktop-daemon, 635
2418383, /usr/bin/sunshine, 508
2415327, /usr/libexec/xdg-desktop-portal-gnome, 19
2874859, /usr/bin/resources, 52
889515, .venv-qn-gpu/bin/python, 544
891109, /home/jungdaesuh/code/columbia/simsopt-pr-jax-port-squashed/.venv-qn-gpu/bin/python, 548
1785627813.013300980 2415310, /usr/libexec/gnome-remote-desktop-daemon, 635
2418383, /usr/bin/sunshine, 508
2415327, /usr/libexec/xdg-desktop-portal-gnome, 19
2874859, /usr/bin/resources, 52
889515, .venv-qn-gpu/bin/python, 544
891109, /home/jungdaesuh/code/columbia/simsopt-pr-jax-port-squashed/.venv-qn-gpu/bin/python, 548
1785627813.276747019 2415310, /usr/libexec/gnome-remote-desktop-daemon, 635
2418383, /usr/bin/sunshine, 508
2415327, /usr/libexec/xdg-desktop-portal-gnome, 19
2874859, /usr/bin/resources, 52
889515, .venv-qn-gpu/bin/python, 544
891109, /home/jungdaesuh/code/columbia/simsopt-pr-jax-port-squashed/.venv-qn-gpu/bin/python, 548
1785627813.533271836 2415310, /usr/libexec/gnome-remote-desktop-daemon, 635
2418383, /usr/bin/sunshine, 508
2415327, /usr/libexec/xdg-desktop-portal-gnome, 19
2874859, /usr/bin/resources, 52
889515, .venv-qn-gpu/bin/python, 544
891109, /home/jungdaesuh/code/columbia/simsopt-pr-jax-port-squashed/.venv-qn-gpu/bin/python, 548
1785627813.795574085 2415310, /usr/libexec/gnome-remote-desktop-daemon, 635
2418383, /usr/bin/sunshine, 508
2415327, /usr/libexec/xdg-desktop-portal-gnome, 19
2874859, /usr/bin/resources, 52
889515, .venv-qn-gpu/bin/python, 544
891109, /home/jungdaesuh/code/columbia/simsopt-pr-jax-port-squashed/.venv-qn-gpu/bin/python, 548
1785627814.045191511 2415310, /usr/libexec/gnome-remote-desktop-daemon, 635
2418383, /usr/bin/sunshine, 508
2415327, /usr/libexec/xdg-desktop-portal-gnome, 19
2874859, /usr/bin/resources, 52
889515, .venv-qn-gpu/bin/python, 544
891109, /home/jungdaesuh/code/columbia/simsopt-pr-jax-port-squashed/.venv-qn-gpu/bin/python, 548
1785627814.282986809 2415310, /usr/libexec/gnome-remote-desktop-daemon, 635
2418383, /usr/bin/sunshine, 508
2415327, /usr/libexec/xdg-desktop-portal-gnome, 19
2874859, /usr/bin/resources, 52
889515, .venv-qn-gpu/bin/python, 544
891109, /home/jungdaesuh/code/columbia/simsopt-pr-jax-port-squashed/.venv-qn-gpu/bin/python, 548
1785627814.530941365 2415310, /usr/libexec/gnome-remote-desktop-daemon, 635
2418383, /usr/bin/sunshine, 508
2415327, /usr/libexec/xdg-desktop-portal-gnome, 19
2874859, /usr/bin/resources, 52
889515, .venv-qn-gpu/bin/python, 544
891109, /home/jungdaesuh/code/columbia/simsopt-pr-jax-port-squashed/.venv-qn-gpu/bin/python, 548
1785627814.774292783 2415310, /usr/libexec/gnome-remote-desktop-daemon, 635
2418383, /usr/bin/sunshine, 508
2415327, /usr/libexec/xdg-desktop-portal-gnome, 19
2874859, /usr/bin/resources, 52
889515, .venv-qn-gpu/bin/python, 544
891109, /home/jungdaesuh/code/columbia/simsopt-pr-jax-port-squashed/.venv-qn-gpu/bin/python, 548
1785627815.006944681 2415310, /usr/libexec/gnome-remote-desktop-daemon, 635
2418383, /usr/bin/sunshine, 508
2415327, /usr/libexec/xdg-desktop-portal-gnome, 19
2874859, /usr/bin/resources, 52
889515, .venv-qn-gpu/bin/python, 544
891109, /home/jungdaesuh/code/columbia/simsopt-pr-jax-port-squashed/.venv-qn-gpu/bin/python, 548
1785627815.239767546 2415310, /usr/libexec/gnome-remote-desktop-daemon, 635
2418383, /usr/bin/sunshine, 508
2415327, /usr/libexec/xdg-desktop-portal-gnome, 19
2874859, /usr/bin/resources, 52
889515, .venv-qn-gpu/bin/python, 544
891109, /home/jungdaesuh/code/columbia/simsopt-pr-jax-port-squashed/.venv-qn-gpu/bin/python, 548
1785627815.473575141 2415310, /usr/libexec/gnome-remote-desktop-daemon, 635
2418383, /usr/bin/sunshine, 508
2415327, /usr/libexec/xdg-desktop-portal-gnome, 19
2874859, /usr/bin/resources, 52
889515, .venv-qn-gpu/bin/python, 544
891109, /home/jungdaesuh/code/columbia/simsopt-pr-jax-port-squashed/.venv-qn-gpu/bin/python, 548
1785627815.718833285 2415310, /usr/libexec/gnome-remote-desktop-daemon, 635
2418383, /usr/bin/sunshine, 508
2415327, /usr/libexec/xdg-desktop-portal-gnome, 19
2874859, /usr/bin/resources, 52
889515, .venv-qn-gpu/bin/python, 544
891109, /home/jungdaesuh/code/columbia/simsopt-pr-jax-port-squashed/.venv-qn-gpu/bin/python, 548
1785627815.963242412 2415310, /usr/libexec/gnome-remote-desktop-daemon, 635
2418383, /usr/bin/sunshine, 508
2415327, /usr/libexec/xdg-desktop-portal-gnome, 19
2874859, /usr/bin/resources, 52
889515, .venv-qn-gpu/bin/python, 544
891109, /home/jungdaesuh/code/columbia/simsopt-pr-jax-port-squashed/.venv-qn-gpu/bin/python, 548
1785627816.209824947 2415310, /usr/libexec/gnome-remote-desktop-daemon, 635
2418383, /usr/bin/sunshine, 508
2415327, /usr/libexec/xdg-desktop-portal-gnome, 19
2874859, /usr/bin/resources, 52
889515, .venv-qn-gpu/bin/python, 544
891109, /home/jungdaesuh/code/columbia/simsopt-pr-jax-port-squashed/.venv-qn-gpu/bin/python, 548
1785627816.452055991 2415310, /usr/libexec/gnome-remote-desktop-daemon, 635
2418383, /usr/bin/sunshine, 508
2415327, /usr/libexec/xdg-desktop-portal-gnome, 19
2874859, /usr/bin/resources, 52
889515, .venv-qn-gpu/bin/python, 544
891109, /home/jungdaesuh/code/columbia/simsopt-pr-jax-port-squashed/.venv-qn-gpu/bin/python, 548
1785627816.696458359 2415310, /usr/libexec/gnome-remote-desktop-daemon, 635
2418383, /usr/bin/sunshine, 508
2415327, /usr/libexec/xdg-desktop-portal-gnome, 19
2874859, /usr/bin/resources, 52
889515, .venv-qn-gpu/bin/python, 544
891109, /home/jungdaesuh/code/columbia/simsopt-pr-jax-port-squashed/.venv-qn-gpu/bin/python, 548
1785627816.948544154 2415310, /usr/libexec/gnome-remote-desktop-daemon, 635
2418383, /usr/bin/sunshine, 508
2415327, /usr/libexec/xdg-desktop-portal-gnome, 19
2874859, /usr/bin/resources, 52
889515, .venv-qn-gpu/bin/python, 544
891109, /home/jungdaesuh/code/columbia/simsopt-pr-jax-port-squashed/.venv-qn-gpu/bin/python, 548
1785627817.188178055 2415310, /usr/libexec/gnome-remote-desktop-daemon, 635
2418383, /usr/bin/sunshine, 508
2415327, /usr/libexec/xdg-desktop-portal-gnome, 19
2874859, /usr/bin/resources, 52
889515, .venv-qn-gpu/bin/python, 544
891109, /home/jungdaesuh/code/columbia/simsopt-pr-jax-port-squashed/.venv-qn-gpu/bin/python, 548
1785627817.421711868 2415310, /usr/libexec/gnome-remote-desktop-daemon, 635
2418383, /usr/bin/sunshine, 508
2415327, /usr/libexec/xdg-desktop-portal-gnome, 19
2874859, /usr/bin/resources, 52
889515, .venv-qn-gpu/bin/python, 544
891109, /home/jungdaesuh/code/columbia/simsopt-pr-jax-port-squashed/.venv-qn-gpu/bin/python, 548
1785627817.655969710 2415310, /usr/libexec/gnome-remote-desktop-daemon, 635
2418383, /usr/bin/sunshine, 508
2415327, /usr/libexec/xdg-desktop-portal-gnome, 19
2874859, /usr/bin/resources, 52
889515, .venv-qn-gpu/bin/python, 544
891109, /home/jungdaesuh/code/columbia/simsopt-pr-jax-port-squashed/.venv-qn-gpu/bin/python, 548
1785627817.900048181 2415310, /usr/libexec/gnome-remote-desktop-daemon, 635
2418383, /usr/bin/sunshine, 508
2415327, /usr/libexec/xdg-desktop-portal-gnome, 19
2874859, /usr/bin/resources, 52
889515, .venv-qn-gpu/bin/python, 544
891109, /home/jungdaesuh/code/columbia/simsopt-pr-jax-port-squashed/.venv-qn-gpu/bin/python, 548
1785627818.140667523 2415310, /usr/libexec/gnome-remote-desktop-daemon, 635
2418383, /usr/bin/sunshine, 508
2415327, /usr/libexec/xdg-desktop-portal-gnome, 19
2874859, /usr/bin/resources, 52
889515, .venv-qn-gpu/bin/python, 544
891109, /home/jungdaesuh/code/columbia/simsopt-pr-jax-port-squashed/.venv-qn-gpu/bin/python, 548
1785627818.379699700 2415310, /usr/libexec/gnome-remote-desktop-daemon, 635
2418383, /usr/bin/sunshine, 508
2415327, /usr/libexec/xdg-desktop-portal-gnome, 19
2874859, /usr/bin/resources, 52
889515, .venv-qn-gpu/bin/python, 544
891109, /home/jungdaesuh/code/columbia/simsopt-pr-jax-port-squashed/.venv-qn-gpu/bin/python, 548
1785627818.621084653 2415310, /usr/libexec/gnome-remote-desktop-daemon, 635
2418383, /usr/bin/sunshine, 508
2415327, /usr/libexec/xdg-desktop-portal-gnome, 19
2874859, /usr/bin/resources, 52
889515, .venv-qn-gpu/bin/python, 544
891109, /home/jungdaesuh/code/columbia/simsopt-pr-jax-port-squashed/.venv-qn-gpu/bin/python, 548
1785627818.860061717 2415310, /usr/libexec/gnome-remote-desktop-daemon, 635
2418383, /usr/bin/sunshine, 508
2415327, /usr/libexec/xdg-desktop-portal-gnome, 19
2874859, /usr/bin/resources, 52
889515, .venv-qn-gpu/bin/python, 544
891109, /home/jungdaesuh/code/columbia/simsopt-pr-jax-port-squashed/.venv-qn-gpu/bin/python, 548
1785627819.124542071 2415310, /usr/libexec/gnome-remote-desktop-daemon, 635
2418383, /usr/bin/sunshine, 508
2415327, /usr/libexec/xdg-desktop-portal-gnome, 19
2874859, /usr/bin/resources, 52
889515, .venv-qn-gpu/bin/python, 544
891109, /home/jungdaesuh/code/columbia/simsopt-pr-jax-port-squashed/.venv-qn-gpu/bin/python, 548
1785627819.389914061 2415310, /usr/libexec/gnome-remote-desktop-daemon, 635
2418383, /usr/bin/sunshine, 508
2415327, /usr/libexec/xdg-desktop-portal-gnome, 19
2874859, /usr/bin/resources, 52
889515, .venv-qn-gpu/bin/python, 544
891109, /home/jungdaesuh/code/columbia/simsopt-pr-jax-port-squashed/.venv-qn-gpu/bin/python, 548
1785627819.643459899 2415310, /usr/libexec/gnome-remote-desktop-daemon, 635
2418383, /usr/bin/sunshine, 508
2415327, /usr/libexec/xdg-desktop-portal-gnome, 19
2874859, /usr/bin/resources, 52
889515, .venv-qn-gpu/bin/python, 544
891109, /home/jungdaesuh/code/columbia/simsopt-pr-jax-port-squashed/.venv-qn-gpu/bin/python, 548
1785627819.923622018 2415310, /usr/libexec/gnome-remote-desktop-daemon, 635
2418383, /usr/bin/sunshine, 508
2415327, /usr/libexec/xdg-desktop-portal-gnome, 19
2874859, /usr/bin/resources, 52
889515, .venv-qn-gpu/bin/python, 544
891109, /home/jungdaesuh/code/columbia/simsopt-pr-jax-port-squashed/.venv-qn-gpu/bin/python, 546
1785627820.165855351 2415310, /usr/libexec/gnome-remote-desktop-daemon, 635
2418383, /usr/bin/sunshine, 508
2415327, /usr/libexec/xdg-desktop-portal-gnome, 19
2874859, /usr/bin/resources, 52
889515, .venv-qn-gpu/bin/python, 544
891109, /home/jungdaesuh/code/columbia/simsopt-pr-jax-port-squashed/.venv-qn-gpu/bin/python, 546
1785627820.407973115 2415310, /usr/libexec/gnome-remote-desktop-daemon, 635
2418383, /usr/bin/sunshine, 508
2415327, /usr/libexec/xdg-desktop-portal-gnome, 19
2874859, /usr/bin/resources, 52
889515, .venv-qn-gpu/bin/python, 544
891109, /home/jungdaesuh/code/columbia/simsopt-pr-jax-port-squashed/.venv-qn-gpu/bin/python, 546
1785627820.655130914 2415310, /usr/libexec/gnome-remote-desktop-daemon, 635
2418383, /usr/bin/sunshine, 508
2415327, /usr/libexec/xdg-desktop-portal-gnome, 19
2874859, /usr/bin/resources, 52
889515, .venv-qn-gpu/bin/python, 544
891109, /home/jungdaesuh/code/columbia/simsopt-pr-jax-port-squashed/.venv-qn-gpu/bin/python, 546
1785627820.923763458 2415310, /usr/libexec/gnome-remote-desktop-daemon, 635
2418383, /usr/bin/sunshine, 508
2415327, /usr/libexec/xdg-desktop-portal-gnome, 19
2874859, /usr/bin/resources, 52
889515, .venv-qn-gpu/bin/python, 544
891109, /home/jungdaesuh/code/columbia/simsopt-pr-jax-port-squashed/.venv-qn-gpu/bin/python, 546
1785627821.180695227 2415310, /usr/libexec/gnome-remote-desktop-daemon, 635
2418383, /usr/bin/sunshine, 508
2415327, /usr/libexec/xdg-desktop-portal-gnome, 19
2874859, /usr/bin/resources, 52
889515, .venv-qn-gpu/bin/python, 544
891109, [No data], 546
1785627821.420593775 2415310, /usr/libexec/gnome-remote-desktop-daemon, 635
2418383, /usr/bin/sunshine, 508
2415327, /usr/libexec/xdg-desktop-portal-gnome, 19
2874859, /usr/bin/resources, 52
889515, .venv-qn-gpu/bin/python, 544
1785627821.659847175 2415310, /usr/libexec/gnome-remote-desktop-daemon, 635
2418383, /usr/bin/sunshine, 508
2415327, /usr/libexec/xdg-desktop-portal-gnome, 19
2874859, /usr/bin/resources, 52
889515, .venv-qn-gpu/bin/python, 544
1785627821.897185075 2415310, /usr/libexec/gnome-remote-desktop-daemon, 635
2418383, /usr/bin/sunshine, 508
2415327, /usr/libexec/xdg-desktop-portal-gnome, 19
2874859, /usr/bin/resources, 52
889515, .venv-qn-gpu/bin/python, 544
1785627822.140487049 2415310, /usr/libexec/gnome-remote-desktop-daemon, 635
2418383, /usr/bin/sunshine, 508
2415327, /usr/libexec/xdg-desktop-portal-gnome, 19
2874859, /usr/bin/resources, 52
889515, .venv-qn-gpu/bin/python, 544
1785627822.388562848 2415310, /usr/libexec/gnome-remote-desktop-daemon, 635
2418383, /usr/bin/sunshine, 508
2415327, /usr/libexec/xdg-desktop-portal-gnome, 19
2874859, /usr/bin/resources, 52
889515, .venv-qn-gpu/bin/python, 544
1785627822.640293640 2415310, /usr/libexec/gnome-remote-desktop-daemon, 635
2418383, /usr/bin/sunshine, 508
2415327, /usr/libexec/xdg-desktop-portal-gnome, 19
2874859, /usr/bin/resources, 52
889515, [No data], 544
1785627822.895884743 2415310, /usr/libexec/gnome-remote-desktop-daemon, 635
2418383, /usr/bin/sunshine, 508
2415327, /usr/libexec/xdg-desktop-portal-gnome, 19
2874859, /usr/bin/resources, 52
