timestamp, clocks.current.sm [MHz], clocks.current.memory [MHz], power.draw [W], temperature.gpu, utilization.gpu [%], memory.used [MiB]
2026/08/03 01:45:11.884, 2542 MHz, 13801 MHz, 71.72 W, 32, 0 %, 2261 MiB
2026/08/03 01:45:16.888, 2542 MHz, 13801 MHz, 71.20 W, 32, 0 %, 2279 MiB
2026/08/03 01:45:21.888, 2550 MHz, 13801 MHz, 73.30 W, 32, 0 %, 2281 MiB
2026/08/03 01:45:26.889, 2550 MHz, 13801 MHz, 71.04 W, 32, 0 %, 2281 MiB
2026/08/03 01:45:31.889, 2542 MHz, 13801 MHz, 71.32 W, 32, 0 %, 2281 MiB
2026/08/03 01:45:36.889, 2542 MHz, 13801 MHz, 70.62 W, 32, 0 %, 2281 MiB
2026/08/03 01:45:41.890, 2542 MHz, 13801 MHz, 69.16 W, 32, 0 %, 2281 MiB
2026/08/03 01:45:46.891, 2542 MHz, 13801 MHz, 71.88 W, 32, 0 %, 2281 MiB
2026/08/03 01:45:51.894, 2542 MHz, 13801 MHz, 70.97 W, 32, 0 %, 2281 MiB
2026/08/03 01:45:56.895, 2542 MHz, 13801 MHz, 70.57 W, 32, 0 %, 2281 MiB
2026/08/03 01:46:01.895, 2542 MHz, 13801 MHz, 70.73 W, 32, 0 %, 2281 MiB
2026/08/03 01:46:06.896, 2542 MHz, 13801 MHz, 71.28 W, 32, 0 %, 2281 MiB
2026/08/03 01:46:11.897, 2542 MHz, 13801 MHz, 70.91 W, 32, 0 %, 2281 MiB
2026/08/03 01:46:16.897, 2550 MHz, 13801 MHz, 71.48 W, 32, 0 %, 2281 MiB
2026/08/03 01:46:21.898, 2542 MHz, 13801 MHz, 70.33 W, 32, 0 %, 2365 MiB
2026/08/03 01:46:26.899, 2550 MHz, 13801 MHz, 70.11 W, 32, 0 %, 2365 MiB
2026/08/03 01:46:31.899, 2542 MHz, 13801 MHz, 71.69 W, 32, 0 %, 2365 MiB
2026/08/03 01:46:36.899, 2542 MHz, 13801 MHz, 70.06 W, 32, 0 %, 2365 MiB
2026/08/03 01:46:41.900, 2542 MHz, 13801 MHz, 70.53 W, 32, 0 %, 2367 MiB
2026/08/03 01:46:46.900, 2542 MHz, 13801 MHz, 71.35 W, 32, 0 %, 2367 MiB
2026/08/03 01:46:51.900, 2542 MHz, 13801 MHz, 69.24 W, 32, 0 %, 2367 MiB
2026/08/03 01:46:56.901, 2542 MHz, 13801 MHz, 71.14 W, 32, 0 %, 2369 MiB
2026/08/03 01:47:01.903, 2542 MHz, 13801 MHz, 71.55 W, 32, 1 %, 2369 MiB
2026/08/03 01:47:06.904, 2542 MHz, 13801 MHz, 69.63 W, 32, 0 %, 2369 MiB
2026/08/03 01:47:11.904, 2542 MHz, 13801 MHz, 69.52 W, 32, 1 %, 2369 MiB
2026/08/03 01:47:16.905, 2902 MHz, 13801 MHz, 101.41 W, 33, 44 %, 2371 MiB
2026/08/03 01:47:21.905, 2902 MHz, 13801 MHz, 100.84 W, 33, 47 %, 2405 MiB
2026/08/03 01:47:26.905, 2902 MHz, 13801 MHz, 101.24 W, 33, 25 %, 2405 MiB
2026/08/03 01:47:31.906, 2902 MHz, 13801 MHz, 99.13 W, 33, 50 %, 2405 MiB
2026/08/03 01:47:36.906, 2902 MHz, 13801 MHz, 99.07 W, 33, 31 %, 2405 MiB
2026/08/03 01:47:41.907, 2902 MHz, 13801 MHz, 102.62 W, 34, 47 %, 2405 MiB
2026/08/03 01:47:46.907, 2902 MHz, 13801 MHz, 100.01 W, 34, 21 %, 2405 MiB
2026/08/03 01:47:51.907, 2902 MHz, 13801 MHz, 100.69 W, 34, 25 %, 2405 MiB
2026/08/03 01:47:56.908, 2902 MHz, 13801 MHz, 101.31 W, 34, 25 %, 2405 MiB
2026/08/03 01:48:01.908, 2902 MHz, 13801 MHz, 101.92 W, 34, 26 %, 2409 MiB
2026/08/03 01:48:06.909, 2902 MHz, 13801 MHz, 99.89 W, 34, 38 %, 2409 MiB
2026/08/03 01:48:11.910, 2902 MHz, 13801 MHz, 101.97 W, 34, 27 %, 2409 MiB
2026/08/03 01:48:16.910, 2902 MHz, 13801 MHz, 99.84 W, 34, 25 %, 2409 MiB
2026/08/03 01:48:21.910, 2902 MHz, 13801 MHz, 102.15 W, 34, 35 %, 2409 MiB
2026/08/03 01:48:26.911, 2902 MHz, 13801 MHz, 102.69 W, 34, 33 %, 2409 MiB
2026/08/03 01:48:31.911, 2902 MHz, 13801 MHz, 101.58 W, 34, 42 %, 2409 MiB
2026/08/03 01:48:36.911, 2887 MHz, 13801 MHz, 99.57 W, 34, 12 %, 2375 MiB
2026/08/03 01:48:41.912, 2902 MHz, 13801 MHz, 103.81 W, 35, 54 %, 2409 MiB
2026/08/03 01:48:46.912, 2542 MHz, 13801 MHz, 72.13 W, 33, 0 %, 2379 MiB
2026/08/03 01:48:51.913, 2542 MHz, 13801 MHz, 71.20 W, 33, 0 %, 2379 MiB
2026/08/03 01:48:56.913, 2542 MHz, 13801 MHz, 71.68 W, 33, 0 %, 2379 MiB
2026/08/03 01:49:01.914, 2542 MHz, 13801 MHz, 70.48 W, 33, 0 %, 2379 MiB
2026/08/03 01:49:06.914, 2542 MHz, 13801 MHz, 70.54 W, 33, 0 %, 2379 MiB
2026/08/03 01:49:11.915, 2542 MHz, 13801 MHz, 72.27 W, 33, 0 %, 2383 MiB
2026/08/03 01:49:16.915, 2542 MHz, 13801 MHz, 70.33 W, 33, 0 %, 2383 MiB
2026/08/03 01:49:21.915, 2902 MHz, 13801 MHz, 99.01 W, 34, 10 %, 2385 MiB
2026/08/03 01:49:26.916, 2865 MHz, 13801 MHz, 93.98 W, 34, 1 %, 2385 MiB
2026/08/03 01:49:31.916, 2902 MHz, 13801 MHz, 102.39 W, 34, 56 %, 2419 MiB
2026/08/03 01:49:36.917, 2902 MHz, 13801 MHz, 99.74 W, 34, 7 %, 2385 MiB
2026/08/03 01:49:41.917, 2902 MHz, 13801 MHz, 101.53 W, 34, 28 %, 2419 MiB
2026/08/03 01:49:46.917, 2902 MHz, 13801 MHz, 105.83 W, 35, 53 %, 2419 MiB
2026/08/03 01:49:51.918, 2902 MHz, 13801 MHz, 96.67 W, 34, 48 %, 2419 MiB
2026/08/03 01:49:56.919, 2902 MHz, 13801 MHz, 97.94 W, 34, 19 %, 2385 MiB
2026/08/03 01:50:01.919, 2902 MHz, 13801 MHz, 101.86 W, 34, 59 %, 2419 MiB
2026/08/03 01:50:06.919, 2677 MHz, 13801 MHz, 88.04 W, 34, 27 %, 2385 MiB
2026/08/03 01:50:11.920, 2902 MHz, 13801 MHz, 101.78 W, 34, 27 %, 2419 MiB
2026/08/03 01:50:16.921, 2902 MHz, 13801 MHz, 99.28 W, 34, 27 %, 2385 MiB
2026/08/03 01:50:21.921, 2902 MHz, 13801 MHz, 100.21 W, 34, 16 %, 2385 MiB
2026/08/03 01:50:26.922, 2737 MHz, 13801 MHz, 94.64 W, 34, 23 %, 2385 MiB
2026/08/03 01:50:31.923, 2902 MHz, 13801 MHz, 99.96 W, 35, 41 %, 2419 MiB
2026/08/03 01:50:36.923, 2902 MHz, 13801 MHz, 101.97 W, 35, 28 %, 2419 MiB
2026/08/03 01:50:41.923, 2550 MHz, 13801 MHz, 73.60 W, 34, 0 %, 1730 MiB
2026/08/03 01:50:46.924, 2542 MHz, 13801 MHz, 71.73 W, 34, 0 %, 2279 MiB
2026/08/03 01:50:51.925, 2655 MHz, 13801 MHz, 76.69 W, 34, 0 %, 2281 MiB
2026/08/03 01:50:56.925, 2602 MHz, 13801 MHz, 75.29 W, 33, 0 %, 2281 MiB
2026/08/03 01:51:01.925, 2542 MHz, 13801 MHz, 72.25 W, 33, 0 %, 2281 MiB
2026/08/03 01:51:06.926, 2550 MHz, 13801 MHz, 73.15 W, 33, 0 %, 2281 MiB
2026/08/03 01:51:11.926, 2542 MHz, 13801 MHz, 71.79 W, 33, 1 %, 2281 MiB
2026/08/03 01:51:16.927, 2542 MHz, 13801 MHz, 71.19 W, 33, 1 %, 2281 MiB
2026/08/03 01:51:21.927, 2542 MHz, 13801 MHz, 71.84 W, 33, 0 %, 2281 MiB
2026/08/03 01:51:26.928, 2557 MHz, 13801 MHz, 70.98 W, 33, 0 %, 2281 MiB
2026/08/03 01:51:31.928, 2542 MHz, 13801 MHz, 69.90 W, 33, 0 %, 2281 MiB
2026/08/03 01:51:36.929, 2542 MHz, 13801 MHz, 70.95 W, 33, 0 %, 2281 MiB
2026/08/03 01:51:41.930, 2542 MHz, 13801 MHz, 70.92 W, 33, 0 %, 2281 MiB
2026/08/03 01:51:46.930, 2542 MHz, 13801 MHz, 70.59 W, 33, 0 %, 2281 MiB
2026/08/03 01:51:51.931, 2542 MHz, 13801 MHz, 74.11 W, 33, 0 %, 2365 MiB
2026/08/03 01:51:56.931, 2542 MHz, 13801 MHz, 71.33 W, 33, 0 %, 2365 MiB
2026/08/03 01:52:01.931, 2542 MHz, 13801 MHz, 71.16 W, 33, 0 %, 2375 MiB
2026/08/03 01:52:06.932, 2542 MHz, 13801 MHz, 71.09 W, 33, 0 %, 2365 MiB
2026/08/03 01:52:11.933, 2542 MHz, 13801 MHz, 71.32 W, 33, 0 %, 2365 MiB
2026/08/03 01:52:16.933, 2550 MHz, 13801 MHz, 71.83 W, 33, 0 %, 2367 MiB
2026/08/03 01:52:21.934, 2542 MHz, 13801 MHz, 72.18 W, 33, 0 %, 2367 MiB
2026/08/03 01:52:26.935, 2542 MHz, 13801 MHz, 73.04 W, 33, 0 %, 2369 MiB
2026/08/03 01:52:31.935, 2542 MHz, 13801 MHz, 71.44 W, 33, 1 %, 2369 MiB
2026/08/03 01:52:36.936, 2542 MHz, 13801 MHz, 73.32 W, 32, 0 %, 2369 MiB
2026/08/03 01:52:41.936, 2542 MHz, 13801 MHz, 72.16 W, 33, 0 %, 2369 MiB
2026/08/03 01:52:46.937, 2902 MHz, 13801 MHz, 103.40 W, 34, 53 %, 2405 MiB
2026/08/03 01:52:51.937, 2902 MHz, 13801 MHz, 104.58 W, 34, 43 %, 2371 MiB
2026/08/03 01:52:56.937, 2902 MHz, 13801 MHz, 102.41 W, 34, 15 %, 2405 MiB
2026/08/03 01:53:01.938, 2902 MHz, 13801 MHz, 103.53 W, 34, 47 %, 2371 MiB
2026/08/03 01:53:06.939, 2902 MHz, 13801 MHz, 100.66 W, 34, 38 %, 2405 MiB
2026/08/03 01:53:11.939, 2902 MHz, 13801 MHz, 101.37 W, 34, 36 %, 2405 MiB
2026/08/03 01:53:16.939, 2902 MHz, 13801 MHz, 101.06 W, 34, 26 %, 2405 MiB
2026/08/03 01:53:21.941, 2902 MHz, 13801 MHz, 104.12 W, 34, 50 %, 2405 MiB
2026/08/03 01:53:26.941, 2902 MHz, 13801 MHz, 103.39 W, 34, 29 %, 2405 MiB
2026/08/03 01:53:31.941, 2902 MHz, 13801 MHz, 104.25 W, 34, 27 %, 2409 MiB
2026/08/03 01:53:36.942, 2902 MHz, 13801 MHz, 99.08 W, 34, 18 %, 2409 MiB
2026/08/03 01:53:41.942, 2902 MHz, 13801 MHz, 101.53 W, 35, 56 %, 2409 MiB
2026/08/03 01:53:46.942, 2902 MHz, 13801 MHz, 106.22 W, 35, 56 %, 2409 MiB
2026/08/03 01:53:51.944, 2902 MHz, 13801 MHz, 103.52 W, 34, 34 %, 2409 MiB
2026/08/03 01:53:56.944, 2902 MHz, 13801 MHz, 101.06 W, 35, 49 %, 2375 MiB
2026/08/03 01:54:01.945, 2902 MHz, 13801 MHz, 101.54 W, 35, 23 %, 2409 MiB
2026/08/03 01:54:06.945, 2902 MHz, 13801 MHz, 107.33 W, 35, 62 %, 2409 MiB
2026/08/03 01:54:11.946, 2542 MHz, 13801 MHz, 70.83 W, 34, 0 %, 2379 MiB
2026/08/03 01:54:16.946, 2542 MHz, 13801 MHz, 72.57 W, 34, 2 %, 2379 MiB
2026/08/03 01:54:21.947, 2542 MHz, 13801 MHz, 70.45 W, 33, 0 %, 2379 MiB
2026/08/03 01:54:26.947, 2542 MHz, 13801 MHz, 70.73 W, 33, 0 %, 2383 MiB
2026/08/03 01:54:31.947, 2722 MHz, 13801 MHz, 82.78 W, 34, 62 %, 2419 MiB
2026/08/03 01:54:36.948, 2902 MHz, 13801 MHz, 107.72 W, 35, 64 %, 2419 MiB
2026/08/03 01:54:41.948, 2902 MHz, 13801 MHz, 107.58 W, 35, 64 %, 2419 MiB
2026/08/03 01:54:46.949, 2542 MHz, 13801 MHz, 81.23 W, 34, 0 %, 1730 MiB
2026/08/03 01:54:51.949, 2542 MHz, 13801 MHz, 73.84 W, 33, 0 %, 2279 MiB
2026/08/03 01:54:56.949, 2572 MHz, 13801 MHz, 74.50 W, 33, 0 %, 2283 MiB
2026/08/03 01:55:01.950, 2542 MHz, 13801 MHz, 71.29 W, 33, 0 %, 2281 MiB
2026/08/03 01:55:06.950, 2550 MHz, 13801 MHz, 71.13 W, 33, 0 %, 2281 MiB
2026/08/03 01:55:11.951, 2542 MHz, 13801 MHz, 70.73 W, 33, 0 %, 2281 MiB
2026/08/03 01:55:16.951, 2542 MHz, 13801 MHz, 72.28 W, 33, 0 %, 2281 MiB
2026/08/03 01:55:21.952, 2542 MHz, 13801 MHz, 71.56 W, 33, 1 %, 2281 MiB
2026/08/03 01:55:26.952, 2542 MHz, 13801 MHz, 71.24 W, 33, 0 %, 2281 MiB
2026/08/03 01:55:31.953, 2542 MHz, 13801 MHz, 71.60 W, 33, 0 %, 2365 MiB
2026/08/03 01:55:36.953, 2542 MHz, 13801 MHz, 74.36 W, 33, 0 %, 2365 MiB
2026/08/03 01:55:41.953, 2550 MHz, 13801 MHz, 71.39 W, 33, 0 %, 2367 MiB
2026/08/03 01:55:46.954, 2550 MHz, 13801 MHz, 72.26 W, 33, 0 %, 2367 MiB
2026/08/03 01:55:51.954, 2565 MHz, 13801 MHz, 73.69 W, 33, 30 %, 2369 MiB
2026/08/03 01:55:56.955, 2550 MHz, 13801 MHz, 71.10 W, 33, 0 %, 2369 MiB
2026/08/03 01:56:01.955, 2542 MHz, 13801 MHz, 72.59 W, 33, 0 %, 2369 MiB
2026/08/03 01:56:06.956, 2902 MHz, 13801 MHz, 106.10 W, 34, 59 %, 2405 MiB
2026/08/03 01:56:11.956, 2902 MHz, 13801 MHz, 106.17 W, 34, 55 %, 2405 MiB
2026/08/03 01:56:16.956, 2895 MHz, 13801 MHz, 106.96 W, 34, 56 %, 2405 MiB
2026/08/03 01:56:21.957, 2895 MHz, 13801 MHz, 106.25 W, 34, 57 %, 2405 MiB
2026/08/03 01:56:26.957, 2895 MHz, 13801 MHz, 106.88 W, 35, 57 %, 2393 MiB
2026/08/03 01:56:31.958, 2895 MHz, 13801 MHz, 107.25 W, 35, 60 %, 2405 MiB
2026/08/03 01:56:36.958, 2895 MHz, 13801 MHz, 106.47 W, 35, 57 %, 2409 MiB
2026/08/03 01:56:41.959, 2895 MHz, 13801 MHz, 106.50 W, 35, 57 %, 2409 MiB
2026/08/03 01:56:46.959, 2895 MHz, 13801 MHz, 108.28 W, 35, 58 %, 2409 MiB
2026/08/03 01:56:51.959, 2895 MHz, 13801 MHz, 107.03 W, 35, 57 %, 2409 MiB
2026/08/03 01:56:56.960, 2895 MHz, 13801 MHz, 107.44 W, 35, 57 %, 2409 MiB
2026/08/03 01:57:01.960, 2895 MHz, 13801 MHz, 108.61 W, 35, 63 %, 2409 MiB
2026/08/03 01:57:06.961, 2542 MHz, 13801 MHz, 71.71 W, 34, 0 %, 2379 MiB
2026/08/03 01:57:11.961, 2542 MHz, 13801 MHz, 73.98 W, 34, 0 %, 2379 MiB
2026/08/03 01:57:16.961, 2542 MHz, 13801 MHz, 71.92 W, 34, 0 %, 2383 MiB
2026/08/03 01:57:21.962, 2542 MHz, 13801 MHz, 71.80 W, 34, 0 %, 2383 MiB
2026/08/03 01:57:26.962, 2895 MHz, 13801 MHz, 107.42 W, 35, 61 %, 2419 MiB
2026/08/03 01:57:31.963, 2895 MHz, 13801 MHz, 108.82 W, 35, 63 %, 2419 MiB
2026/08/03 01:57:36.963, 2895 MHz, 13801 MHz, 108.07 W, 35, 63 %, 2419 MiB
2026/08/03 01:57:41.964, 2895 MHz, 13801 MHz, 108.87 W, 35, 64 %, 2419 MiB
2026/08/03 01:57:46.964, 2895 MHz, 13801 MHz, 108.31 W, 35, 65 %, 2419 MiB
2026/08/03 01:57:51.965, 2895 MHz, 13801 MHz, 107.16 W, 35, 58 %, 2385 MiB
2026/08/03 01:57:56.965, 2895 MHz, 13801 MHz, 109.94 W, 35, 64 %, 2419 MiB
2026/08/03 01:58:01.965, 2542 MHz, 13801 MHz, 73.45 W, 34, 0 %, 2261 MiB
2026/08/03 01:58:06.966, 2625 MHz, 13801 MHz, 76.80 W, 34, 0 %, 2281 MiB
2026/08/03 01:58:11.966, 2542 MHz, 13801 MHz, 72.90 W, 34, 0 %, 2281 MiB
2026/08/03 01:58:16.967, 2542 MHz, 13801 MHz, 71.95 W, 34, 0 %, 2281 MiB
2026/08/03 01:58:21.967, 2542 MHz, 13801 MHz, 71.79 W, 34, 0 %, 2281 MiB
2026/08/03 01:58:26.968, 2542 MHz, 13801 MHz, 81.85 W, 34, 0 %, 2281 MiB
2026/08/03 01:58:31.968, 2542 MHz, 13801 MHz, 71.74 W, 34, 0 %, 2281 MiB
2026/08/03 01:58:36.969, 2542 MHz, 13801 MHz, 71.47 W, 34, 0 %, 2281 MiB
2026/08/03 01:58:41.970, 2542 MHz, 13801 MHz, 73.84 W, 34, 0 %, 2365 MiB
2026/08/03 01:58:46.970, 2542 MHz, 13801 MHz, 71.53 W, 33, 0 %, 2365 MiB
2026/08/03 01:58:51.970, 2542 MHz, 13801 MHz, 71.73 W, 33, 0 %, 2365 MiB
2026/08/03 01:58:56.971, 2557 MHz, 13801 MHz, 72.24 W, 33, 0 %, 2367 MiB
2026/08/03 01:59:01.971, 2542 MHz, 13801 MHz, 72.64 W, 33, 0 %, 2369 MiB
2026/08/03 01:59:06.972, 2542 MHz, 13801 MHz, 72.31 W, 33, 0 %, 2369 MiB
2026/08/03 01:59:11.972, 2542 MHz, 13801 MHz, 71.64 W, 33, 1 %, 2405 MiB
2026/08/03 01:59:16.973, 2895 MHz, 13801 MHz, 105.81 W, 35, 61 %, 2405 MiB
2026/08/03 01:59:21.973, 2895 MHz, 13801 MHz, 106.53 W, 35, 62 %, 2405 MiB
2026/08/03 01:59:26.973, 2895 MHz, 13801 MHz, 108.35 W, 35, 59 %, 2405 MiB
2026/08/03 01:59:31.974, 2895 MHz, 13801 MHz, 106.06 W, 35, 57 %, 2405 MiB
2026/08/03 01:59:36.974, 2895 MHz, 13801 MHz, 107.29 W, 35, 59 %, 2405 MiB
2026/08/03 01:59:41.975, 2895 MHz, 13801 MHz, 106.81 W, 35, 57 %, 2409 MiB
2026/08/03 01:59:46.975, 2895 MHz, 13801 MHz, 106.20 W, 35, 56 %, 2409 MiB
2026/08/03 01:59:51.976, 2895 MHz, 13801 MHz, 108.37 W, 35, 62 %, 2409 MiB
2026/08/03 01:59:56.976, 2895 MHz, 13801 MHz, 107.99 W, 35, 61 %, 2409 MiB
2026/08/03 02:00:01.976, 2895 MHz, 13801 MHz, 106.87 W, 35, 58 %, 2375 MiB
2026/08/03 02:00:06.977, 2895 MHz, 13801 MHz, 95.06 W, 35, 1 %, 2379 MiB
2026/08/03 02:00:11.977, 2542 MHz, 13801 MHz, 72.50 W, 34, 0 %, 2379 MiB
2026/08/03 02:00:16.978, 2542 MHz, 13801 MHz, 71.38 W, 34, 0 %, 2379 MiB
2026/08/03 02:00:21.978, 2550 MHz, 13801 MHz, 73.32 W, 34, 0 %, 2383 MiB
2026/08/03 02:00:26.979, 2542 MHz, 13801 MHz, 70.85 W, 34, 0 %, 2419 MiB
2026/08/03 02:00:31.979, 2895 MHz, 13801 MHz, 107.17 W, 35, 64 %, 2419 MiB
2026/08/03 02:00:36.979, 2895 MHz, 13801 MHz, 109.61 W, 35, 64 %, 2419 MiB
2026/08/03 02:00:41.980, 2895 MHz, 13801 MHz, 108.12 W, 35, 64 %, 2419 MiB
2026/08/03 02:00:46.980, 2895 MHz, 13801 MHz, 108.23 W, 35, 65 %, 2419 MiB
2026/08/03 02:00:51.981, 2895 MHz, 13801 MHz, 105.02 W, 35, 0 %, 2381 MiB
2026/08/03 02:00:56.981, 2542 MHz, 13801 MHz, 72.96 W, 34, 0 %, 2279 MiB
2026/08/03 02:01:01.982, 2587 MHz, 13801 MHz, 73.85 W, 34, 1 %, 2281 MiB
2026/08/03 02:01:06.982, 2542 MHz, 13801 MHz, 72.73 W, 34, 0 %, 2281 MiB
2026/08/03 02:01:11.982, 2542 MHz, 13801 MHz, 72.01 W, 34, 0 %, 2281 MiB
2026/08/03 02:01:16.983, 2865 MHz, 13801 MHz, 117.18 W, 35, 25 %, 2281 MiB
2026/08/03 02:01:21.983, 2542 MHz, 13801 MHz, 73.55 W, 34, 0 %, 2281 MiB
2026/08/03 02:01:26.984, 2550 MHz, 13801 MHz, 71.60 W, 34, 0 %, 2281 MiB
2026/08/03 02:01:31.984, 2542 MHz, 13801 MHz, 72.08 W, 34, 0 %, 2281 MiB
2026/08/03 02:01:36.984, 2542 MHz, 13801 MHz, 73.40 W, 34, 0 %, 2365 MiB
2026/08/03 02:01:41.985, 2542 MHz, 13801 MHz, 70.49 W, 33, 0 %, 2365 MiB
2026/08/03 02:01:46.985, 2542 MHz, 13801 MHz, 72.10 W, 33, 0 %, 2367 MiB
2026/08/03 02:01:51.986, 2550 MHz, 13801 MHz, 72.04 W, 33, 0 %, 2367 MiB
2026/08/03 02:01:56.986, 2542 MHz, 13801 MHz, 70.80 W, 33, 1 %, 2369 MiB
2026/08/03 02:02:01.987, 2550 MHz, 13801 MHz, 69.93 W, 33, 0 %, 2369 MiB
2026/08/03 02:02:06.987, 2902 MHz, 13801 MHz, 107.61 W, 35, 55 %, 2405 MiB
2026/08/03 02:02:11.988, 2895 MHz, 13801 MHz, 106.35 W, 35, 59 %, 2405 MiB
2026/08/03 02:02:16.988, 2895 MHz, 13801 MHz, 107.15 W, 35, 62 %, 2405 MiB
2026/08/03 02:02:21.988, 2895 MHz, 13801 MHz, 106.90 W, 35, 60 %, 2405 MiB
2026/08/03 02:02:26.989, 2895 MHz, 13801 MHz, 105.89 W, 35, 54 %, 2405 MiB
2026/08/03 02:02:31.989, 2895 MHz, 13801 MHz, 107.54 W, 35, 58 %, 2409 MiB
2026/08/03 02:02:36.990, 2895 MHz, 13801 MHz, 106.77 W, 35, 60 %, 2409 MiB
2026/08/03 02:02:41.990, 2895 MHz, 13801 MHz, 105.97 W, 35, 59 %, 2375 MiB
2026/08/03 02:02:46.990, 2895 MHz, 13801 MHz, 106.82 W, 35, 62 %, 2409 MiB
2026/08/03 02:02:51.991, 2895 MHz, 13801 MHz, 107.29 W, 35, 60 %, 2409 MiB
2026/08/03 02:02:56.991, 2895 MHz, 13801 MHz, 100.70 W, 35, 0 %, 2379 MiB
2026/08/03 02:03:01.992, 2542 MHz, 13801 MHz, 73.68 W, 34, 0 %, 2379 MiB
2026/08/03 02:03:06.992, 2542 MHz, 13801 MHz, 73.48 W, 34, 0 %, 2379 MiB
2026/08/03 02:03:11.993, 2542 MHz, 13801 MHz, 71.59 W, 34, 0 %, 2383 MiB
2026/08/03 02:03:16.993, 2542 MHz, 13801 MHz, 73.22 W, 34, 0 %, 2385 MiB
2026/08/03 02:03:21.993, 2895 MHz, 13801 MHz, 108.42 W, 35, 61 %, 2419 MiB
2026/08/03 02:03:26.994, 2895 MHz, 13801 MHz, 108.38 W, 35, 62 %, 2419 MiB
2026/08/03 02:03:31.994, 2895 MHz, 13801 MHz, 109.01 W, 35, 65 %, 2419 MiB
2026/08/03 02:03:36.995, 2895 MHz, 13801 MHz, 91.64 W, 34, 0 %, 1730 MiB
2026/08/03 02:03:41.995, 2572 MHz, 13801 MHz, 76.42 W, 34, 1 %, 2281 MiB
2026/08/03 02:03:46.996, 2542 MHz, 13801 MHz, 72.60 W, 34, 0 %, 2663 MiB
2026/08/03 02:03:51.996, 2557 MHz, 13801 MHz, 74.39 W, 34, 0 %, 2663 MiB
2026/08/03 02:03:56.996, 2542 MHz, 13801 MHz, 73.88 W, 34, 0 %, 2269 MiB
2026/08/03 02:04:01.997, 2542 MHz, 13801 MHz, 75.49 W, 34, 2 %, 2641 MiB
2026/08/03 02:04:06.997, 2550 MHz, 13801 MHz, 73.90 W, 34, 0 %, 2269 MiB
2026/08/03 02:04:11.998, 2542 MHz, 13801 MHz, 73.97 W, 34, 1 %, 2281 MiB
2026/08/03 02:04:16.999, 2542 MHz, 13801 MHz, 74.20 W, 34, 0 %, 2269 MiB
2026/08/03 02:04:22.000, 2550 MHz, 13801 MHz, 75.95 W, 33, 0 %, 2663 MiB
2026/08/03 02:04:27.000, 2550 MHz, 13801 MHz, 72.74 W, 33, 0 %, 2663 MiB
2026/08/03 02:04:32.000, 2542 MHz, 13801 MHz, 72.32 W, 33, 1 %, 2663 MiB
2026/08/03 02:04:37.001, 2565 MHz, 13801 MHz, 72.77 W, 33, 0 %, 2269 MiB
2026/08/03 02:04:42.001, 2542 MHz, 13801 MHz, 70.36 W, 33, 0 %, 2663 MiB
2026/08/03 02:04:47.002, 2542 MHz, 13801 MHz, 72.65 W, 33, 0 %, 2663 MiB
2026/08/03 02:04:52.002, 2550 MHz, 13801 MHz, 71.22 W, 33, 0 %, 2663 MiB
2026/08/03 02:04:57.003, 2595 MHz, 13801 MHz, 74.81 W, 33, 0 %, 2279 MiB
2026/08/03 02:05:02.003, 2542 MHz, 13801 MHz, 72.18 W, 33, 0 %, 2641 MiB
2026/08/03 02:05:07.003, 2565 MHz, 13801 MHz, 72.50 W, 33, 0 %, 2279 MiB
2026/08/03 02:05:12.004, 2542 MHz, 13801 MHz, 72.35 W, 33, 0 %, 2663 MiB
2026/08/03 02:05:17.005, 2557 MHz, 13801 MHz, 74.56 W, 33, 0 %, 2283 MiB
2026/08/03 02:05:22.005, 2550 MHz, 13801 MHz, 69.70 W, 33, 0 %, 2663 MiB
2026/08/03 02:05:27.005, 2542 MHz, 13801 MHz, 69.99 W, 33, 0 %, 2663 MiB
2026/08/03 02:05:32.006, 2542 MHz, 13801 MHz, 72.72 W, 33, 0 %, 1730 MiB
2026/08/03 02:05:37.008, 2580 MHz, 13801 MHz, 73.13 W, 33, 0 %, 2281 MiB
2026/08/03 02:05:42.008, 2542 MHz, 13801 MHz, 71.76 W, 33, 0 %, 2663 MiB
2026/08/03 02:05:47.009, 2565 MHz, 13801 MHz, 71.98 W, 33, 0 %, 2663 MiB
2026/08/03 02:05:52.009, 2542 MHz, 13801 MHz, 72.04 W, 33, 0 %, 2261 MiB
2026/08/03 02:05:57.009, 2542 MHz, 13801 MHz, 73.08 W, 33, 0 %, 2281 MiB
2026/08/03 02:06:02.010, 2542 MHz, 13801 MHz, 72.24 W, 33, 0 %, 2269 MiB
2026/08/03 02:06:07.010, 2572 MHz, 13801 MHz, 75.13 W, 33, 15 %, 2641 MiB
2026/08/03 02:06:12.010, 2572 MHz, 13801 MHz, 73.32 W, 33, 2 %, 2277 MiB
2026/08/03 02:06:17.011, 2550 MHz, 13801 MHz, 70.99 W, 33, 0 %, 2663 MiB
2026/08/03 02:06:22.011, 2542 MHz, 13801 MHz, 68.90 W, 33, 0 %, 2663 MiB
2026/08/03 02:06:27.012, 2542 MHz, 13801 MHz, 70.85 W, 33, 0 %, 2663 MiB
2026/08/03 02:06:32.012, 2572 MHz, 13801 MHz, 73.42 W, 33, 0 %, 2279 MiB
2026/08/03 02:06:37.013, 2542 MHz, 13801 MHz, 69.80 W, 33, 0 %, 2663 MiB
2026/08/03 02:06:42.013, 2542 MHz, 13801 MHz, 72.04 W, 33, 0 %, 2663 MiB
2026/08/03 02:06:47.013, 2542 MHz, 13801 MHz, 69.15 W, 33, 0 %, 2663 MiB
2026/08/03 02:06:52.014, 2572 MHz, 13801 MHz, 74.11 W, 33, 1 %, 2281 MiB
2026/08/03 02:06:57.014, 2602 MHz, 13801 MHz, 73.44 W, 33, 0 %, 1730 MiB
2026/08/03 02:07:02.023, 2572 MHz, 13801 MHz, 75.27 W, 33, 4 %, 2283 MiB
2026/08/03 02:07:07.023, 2542 MHz, 13801 MHz, 73.66 W, 32, 1 %, 1730 MiB
2026/08/03 02:07:12.024, 2565 MHz, 13801 MHz, 73.99 W, 32, 0 %, 2641 MiB
2026/08/03 02:07:17.024, 2550 MHz, 13801 MHz, 70.97 W, 32, 0 %, 2663 MiB
2026/08/03 02:07:22.025, 2542 MHz, 13801 MHz, 71.17 W, 32, 0 %, 2663 MiB
2026/08/03 02:07:27.025, 2542 MHz, 13801 MHz, 71.14 W, 32, 0 %, 2261 MiB
2026/08/03 02:07:32.026, 2550 MHz, 13801 MHz, 74.28 W, 32, 0 %, 2663 MiB
2026/08/03 02:07:37.026, 2550 MHz, 13801 MHz, 70.96 W, 32, 0 %, 2663 MiB
2026/08/03 02:07:42.027, 2542 MHz, 13801 MHz, 71.37 W, 32, 0 %, 2663 MiB
2026/08/03 02:07:47.027, 2565 MHz, 13801 MHz, 71.59 W, 32, 0 %, 2269 MiB
2026/08/03 02:07:52.027, 2542 MHz, 13801 MHz, 75.22 W, 32, 0 %, 2641 MiB
2026/08/03 02:07:57.028, 2565 MHz, 13801 MHz, 72.16 W, 32, 0 %, 2277 MiB
2026/08/03 02:08:02.029, 2550 MHz, 13801 MHz, 74.68 W, 32, 0 %, 2641 MiB
2026/08/03 02:08:07.029, 2572 MHz, 13801 MHz, 72.66 W, 32, 1 %, 2279 MiB
2026/08/03 02:08:12.030, 2542 MHz, 13801 MHz, 71.93 W, 32, 0 %, 2663 MiB
2026/08/03 02:08:17.030, 2542 MHz, 13801 MHz, 70.24 W, 32, 0 %, 2663 MiB
2026/08/03 02:08:22.031, 2550 MHz, 13801 MHz, 71.26 W, 32, 0 %, 2663 MiB
2026/08/03 02:08:27.031, 2565 MHz, 13801 MHz, 74.28 W, 32, 0 %, 2279 MiB
2026/08/03 02:08:32.031, 2542 MHz, 13801 MHz, 70.57 W, 32, 0 %, 2663 MiB
2026/08/03 02:08:37.032, 2542 MHz, 13801 MHz, 72.11 W, 32, 0 %, 2663 MiB
2026/08/03 02:08:42.032, 2595 MHz, 13801 MHz, 71.77 W, 32, 0 %, 2669 MiB
2026/08/03 02:08:47.033, 2572 MHz, 13801 MHz, 73.17 W, 32, 1 %, 2281 MiB
2026/08/03 02:08:52.033, 2542 MHz, 13801 MHz, 72.88 W, 32, 0 %, 1730 MiB
2026/08/03 02:08:57.034, 2595 MHz, 13801 MHz, 74.69 W, 32, 0 %, 2281 MiB
2026/08/03 02:09:02.034, 2542 MHz, 13801 MHz, 71.78 W, 32, 1 %, 2261 MiB
2026/08/03 02:09:07.034, 2542 MHz, 13801 MHz, 74.79 W, 32, 0 %, 2663 MiB
2026/08/03 02:09:12.035, 2542 MHz, 13801 MHz, 70.64 W, 32, 0 %, 2663 MiB
2026/08/03 02:09:17.035, 2542 MHz, 13801 MHz, 70.24 W, 32, 0 %, 2663 MiB
2026/08/03 02:09:22.036, 2542 MHz, 13801 MHz, 71.15 W, 32, 0 %, 1730 MiB
2026/08/03 02:09:27.036, 2542 MHz, 13801 MHz, 69.85 W, 32, 0 %, 1730 MiB
2026/08/03 02:09:32.037, 2542 MHz, 13801 MHz, 69.55 W, 32, 0 %, 1730 MiB
2026/08/03 02:09:37.037, 2542 MHz, 13801 MHz, 70.42 W, 32, 1 %, 1730 MiB
2026/08/03 02:09:42.037, 2550 MHz, 13801 MHz, 69.54 W, 32, 0 %, 1730 MiB
2026/08/03 02:09:47.038, 2542 MHz, 13801 MHz, 69.37 W, 32, 0 %, 1730 MiB
2026/08/03 02:09:52.038, 2542 MHz, 13801 MHz, 70.79 W, 32, 0 %, 1730 MiB
2026/08/03 02:09:57.039, 2542 MHz, 13801 MHz, 69.77 W, 32, 0 %, 1730 MiB
2026/08/03 02:10:02.040, 2542 MHz, 13801 MHz, 69.08 W, 32, 0 %, 1730 MiB
2026/08/03 02:10:07.040, 2542 MHz, 13801 MHz, 71.02 W, 32, 1 %, 1730 MiB
2026/08/03 02:10:12.041, 2550 MHz, 13801 MHz, 70.34 W, 32, 0 %, 1730 MiB
2026/08/03 02:10:17.041, 2542 MHz, 13801 MHz, 70.43 W, 32, 0 %, 1730 MiB
2026/08/03 02:10:22.041, 2542 MHz, 13801 MHz, 70.97 W, 32, 0 %, 1730 MiB
2026/08/03 02:10:27.042, 2542 MHz, 13801 MHz, 70.01 W, 32, 0 %, 1730 MiB
2026/08/03 02:10:32.042, 2542 MHz, 13801 MHz, 71.40 W, 32, 0 %, 1730 MiB
2026/08/03 02:10:37.043, 2542 MHz, 13801 MHz, 71.10 W, 32, 0 %, 1730 MiB
2026/08/03 02:10:42.043, 2542 MHz, 13801 MHz, 70.81 W, 32, 0 %, 1730 MiB
2026/08/03 02:10:47.044, 2550 MHz, 13801 MHz, 70.42 W, 32, 0 %, 1730 MiB
2026/08/03 02:10:52.044, 2542 MHz, 13801 MHz, 72.12 W, 32, 1 %, 1730 MiB
2026/08/03 02:10:57.044, 2542 MHz, 13801 MHz, 70.38 W, 32, 0 %, 1730 MiB
2026/08/03 02:11:02.045, 2557 MHz, 13801 MHz, 72.04 W, 32, 0 %, 1730 MiB
2026/08/03 02:11:07.045, 2542 MHz, 13801 MHz, 71.15 W, 32, 0 %, 1730 MiB
2026/08/03 02:11:12.046, 2542 MHz, 13801 MHz, 70.50 W, 32, 0 %, 1730 MiB
2026/08/03 02:11:17.046, 2550 MHz, 13801 MHz, 72.26 W, 32, 0 %, 1730 MiB
2026/08/03 02:11:22.046, 2542 MHz, 13801 MHz, 71.33 W, 32, 0 %, 1730 MiB
2026/08/03 02:11:27.047, 2542 MHz, 13801 MHz, 69.10 W, 32, 0 %, 1730 MiB
2026/08/03 02:11:32.047, 2542 MHz, 13801 MHz, 70.18 W, 32, 0 %, 1730 MiB
2026/08/03 02:11:37.048, 2542 MHz, 13801 MHz, 71.45 W, 32, 0 %, 1730 MiB
2026/08/03 02:11:42.048, 2542 MHz, 13801 MHz, 71.29 W, 32, 0 %, 1730 MiB
2026/08/03 02:11:47.048, 2542 MHz, 13801 MHz, 72.75 W, 32, 1 %, 1730 MiB
2026/08/03 02:11:52.049, 2550 MHz, 13801 MHz, 70.87 W, 32, 0 %, 1730 MiB
2026/08/03 02:11:57.049, 2550 MHz, 13801 MHz, 69.99 W, 32, 0 %, 1730 MiB
2026/08/03 02:12:02.050, 2565 MHz, 13801 MHz, 75.57 W, 32, 1 %, 2277 MiB
2026/08/03 02:12:07.051, 2542 MHz, 13801 MHz, 71.85 W, 32, 0 %, 2663 MiB
2026/08/03 02:12:12.052, 2557 MHz, 13801 MHz, 71.02 W, 32, 0 %, 2663 MiB
2026/08/03 02:12:17.052, 2542 MHz, 13801 MHz, 71.14 W, 32, 0 %, 2663 MiB
2026/08/03 02:12:22.052, 2565 MHz, 13801 MHz, 72.79 W, 32, 1 %, 2277 MiB
2026/08/03 02:12:27.053, 2542 MHz, 13801 MHz, 73.21 W, 32, 0 %, 2641 MiB
2026/08/03 02:12:32.053, 2565 MHz, 13801 MHz, 72.01 W, 32, 0 %, 2277 MiB
2026/08/03 02:12:37.054, 2542 MHz, 13801 MHz, 72.18 W, 32, 0 %, 2663 MiB
2026/08/03 02:12:42.054, 2557 MHz, 13801 MHz, 71.40 W, 32, 0 %, 2663 MiB
2026/08/03 02:12:47.055, 2542 MHz, 13801 MHz, 72.76 W, 32, 2 %, 2663 MiB
2026/08/03 02:12:52.055, 2565 MHz, 13801 MHz, 73.99 W, 32, 0 %, 2279 MiB
2026/08/03 02:12:57.055, 2542 MHz, 13801 MHz, 71.79 W, 32, 0 %, 2641 MiB
2026/08/03 02:13:02.056, 2572 MHz, 13801 MHz, 75.47 W, 32, 0 %, 2279 MiB
2026/08/03 02:13:07.056, 2542 MHz, 13801 MHz, 71.35 W, 32, 0 %, 2697 MiB
2026/08/03 02:13:12.057, 2557 MHz, 13801 MHz, 75.81 W, 32, 0 %, 2283 MiB
2026/08/03 02:13:17.057, 2557 MHz, 13801 MHz, 72.91 W, 32, 0 %, 2663 MiB
2026/08/03 02:13:22.057, 2542 MHz, 13801 MHz, 71.63 W, 32, 0 %, 2663 MiB
2026/08/03 02:13:27.059, 2542 MHz, 13801 MHz, 73.10 W, 32, 2 %, 1730 MiB
2026/08/03 02:13:32.060, 2572 MHz, 13801 MHz, 76.97 W, 32, 0 %, 2281 MiB
2026/08/03 02:13:37.060, 2542 MHz, 13801 MHz, 73.96 W, 32, 0 %, 1730 MiB
2026/08/03 02:13:42.061, 2565 MHz, 13801 MHz, 77.61 W, 32, 15 %, 2641 MiB
2026/08/03 02:13:47.061, 2542 MHz, 13801 MHz, 72.37 W, 32, 0 %, 2663 MiB
2026/08/03 02:13:52.061, 2542 MHz, 13801 MHz, 73.14 W, 32, 1 %, 2663 MiB
2026/08/03 02:13:57.062, 2550 MHz, 13801 MHz, 72.53 W, 32, 0 %, 2261 MiB
2026/08/03 02:14:02.062, 2565 MHz, 13801 MHz, 75.36 W, 32, 0 %, 2663 MiB
2026/08/03 02:14:07.063, 2542 MHz, 13801 MHz, 69.50 W, 32, 0 %, 2663 MiB
2026/08/03 02:14:12.063, 2542 MHz, 13801 MHz, 71.52 W, 32, 1 %, 2663 MiB
2026/08/03 02:14:17.064, 2580 MHz, 13801 MHz, 75.05 W, 32, 0 %, 2269 MiB
2026/08/03 02:14:22.064, 2565 MHz, 13801 MHz, 73.87 W, 32, 1 %, 2641 MiB
2026/08/03 02:14:27.064, 2572 MHz, 13801 MHz, 73.77 W, 32, 0 %, 2269 MiB
2026/08/03 02:14:32.065, 2542 MHz, 13801 MHz, 71.72 W, 32, 0 %, 2663 MiB
2026/08/03 02:14:37.065, 2550 MHz, 13801 MHz, 69.76 W, 32, 0 %, 2663 MiB
2026/08/03 02:14:42.066, 2542 MHz, 13801 MHz, 73.64 W, 32, 0 %, 2663 MiB
2026/08/03 02:14:47.066, 2542 MHz, 13801 MHz, 72.32 W, 32, 0 %, 1730 MiB
2026/08/03 02:14:52.067, 2557 MHz, 13801 MHz, 75.68 W, 32, 0 %, 2283 MiB
2026/08/03 02:14:57.067, 2565 MHz, 13801 MHz, 73.80 W, 32, 12 %, 2663 MiB
2026/08/03 02:15:02.068, 2565 MHz, 13801 MHz, 73.78 W, 32, 0 %, 2279 MiB
2026/08/03 02:15:07.068, 2542 MHz, 13801 MHz, 70.30 W, 32, 0 %, 2641 MiB
2026/08/03 02:15:12.069, 2565 MHz, 13801 MHz, 74.43 W, 32, 0 %, 2277 MiB
2026/08/03 02:15:17.069, 2542 MHz, 13801 MHz, 71.46 W, 32, 0 %, 2663 MiB
2026/08/03 02:15:22.070, 2542 MHz, 13801 MHz, 71.03 W, 32, 0 %, 2663 MiB
2026/08/03 02:15:27.071, 2542 MHz, 13801 MHz, 74.83 W, 32, 0 %, 2663 MiB
2026/08/03 02:15:32.071, 2542 MHz, 13801 MHz, 72.55 W, 32, 2 %, 1730 MiB
2026/08/03 02:15:37.072, 2557 MHz, 13801 MHz, 74.17 W, 32, 0 %, 2279 MiB
2026/08/03 02:15:42.075, 2542 MHz, 13801 MHz, 72.53 W, 32, 0 %, 2281 MiB
2026/08/03 02:15:47.076, 2565 MHz, 13801 MHz, 71.53 W, 32, 1 %, 2663 MiB
2026/08/03 02:15:52.077, 2580 MHz, 13801 MHz, 73.07 W, 32, 0 %, 2277 MiB
2026/08/03 02:15:57.079, 2542 MHz, 13801 MHz, 73.73 W, 32, 0 %, 2281 MiB
2026/08/03 02:16:02.082, 2550 MHz, 13801 MHz, 70.91 W, 32, 0 %, 2663 MiB
2026/08/03 02:16:07.083, 2550 MHz, 13801 MHz, 71.30 W, 32, 0 %, 2663 MiB
2026/08/03 02:16:12.083, 2542 MHz, 13801 MHz, 73.57 W, 32, 0 %, 2663 MiB
2026/08/03 02:16:17.084, 2542 MHz, 13801 MHz, 70.97 W, 32, 1 %, 2663 MiB
2026/08/03 02:16:22.085, 2542 MHz, 13801 MHz, 71.05 W, 32, 0 %, 1730 MiB
2026/08/03 02:16:27.086, 2565 MHz, 13801 MHz, 74.23 W, 32, 1 %, 2277 MiB
2026/08/03 02:16:32.086, 2550 MHz, 13801 MHz, 72.39 W, 32, 0 %, 2281 MiB
2026/08/03 02:16:37.088, 2542 MHz, 13801 MHz, 71.90 W, 32, 0 %, 2663 MiB
2026/08/03 02:16:42.090, 2542 MHz, 13801 MHz, 71.94 W, 32, 1 %, 2663 MiB
2026/08/03 02:16:47.093, 2542 MHz, 13801 MHz, 70.65 W, 32, 0 %, 2663 MiB
2026/08/03 02:16:52.094, 2542 MHz, 13801 MHz, 71.60 W, 32, 0 %, 2663 MiB
2026/08/03 02:16:57.095, 2542 MHz, 13801 MHz, 73.16 W, 32, 0 %, 2663 MiB
2026/08/03 02:17:02.096, 2580 MHz, 13801 MHz, 72.95 W, 32, 0 %, 2669 MiB
2026/08/03 02:17:07.097, 2557 MHz, 13801 MHz, 74.26 W, 32, 0 %, 2277 MiB
2026/08/03 02:17:12.097, 2557 MHz, 13801 MHz, 73.50 W, 32, 0 %, 2281 MiB
2026/08/03 02:17:17.097, 2542 MHz, 13801 MHz, 73.41 W, 32, 0 %, 2641 MiB
2026/08/03 02:17:22.099, 2542 MHz, 13801 MHz, 74.85 W, 32, 0 %, 1730 MiB
2026/08/03 02:17:27.102, 2557 MHz, 13801 MHz, 73.71 W, 32, 1 %, 2277 MiB
2026/08/03 02:17:32.103, 2557 MHz, 13801 MHz, 73.01 W, 32, 0 %, 2281 MiB
2026/08/03 02:17:37.105, 2542 MHz, 13801 MHz, 71.93 W, 32, 0 %, 2663 MiB
2026/08/03 02:17:42.105, 2542 MHz, 13801 MHz, 72.14 W, 32, 0 %, 2663 MiB
2026/08/03 02:17:47.108, 2542 MHz, 13801 MHz, 70.96 W, 32, 0 %, 2663 MiB
2026/08/03 02:17:52.109, 2542 MHz, 13801 MHz, 74.02 W, 32, 0 %, 2663 MiB
2026/08/03 02:17:57.110, 2542 MHz, 13801 MHz, 71.91 W, 32, 0 %, 2671 MiB
2026/08/03 02:18:02.112, 2565 MHz, 13801 MHz, 72.94 W, 32, 0 %, 2277 MiB
2026/08/03 02:18:07.113, 2550 MHz, 13801 MHz, 74.43 W, 32, 0 %, 2281 MiB
2026/08/03 02:18:12.113, 2542 MHz, 13801 MHz, 71.64 W, 32, 0 %, 2641 MiB
2026/08/03 02:18:17.114, 2542 MHz, 13801 MHz, 72.93 W, 32, 0 %, 2269 MiB
2026/08/03 02:18:22.115, 2550 MHz, 13801 MHz, 74.22 W, 32, 0 %, 2281 MiB
2026/08/03 02:18:27.117, 2542 MHz, 13801 MHz, 76.72 W, 32, 0 %, 2641 MiB
2026/08/03 02:18:32.118, 2542 MHz, 13801 MHz, 72.37 W, 32, 0 %, 1730 MiB
2026/08/03 02:18:37.119, 2550 MHz, 13801 MHz, 75.18 W, 32, 0 %, 2279 MiB
2026/08/03 02:18:42.120, 2542 MHz, 13801 MHz, 75.14 W, 32, 0 %, 2641 MiB
2026/08/03 02:18:47.121, 2542 MHz, 13801 MHz, 71.11 W, 32, 0 %, 2663 MiB
2026/08/03 02:18:52.123, 2550 MHz, 13801 MHz, 73.83 W, 32, 0 %, 2663 MiB
2026/08/03 02:18:57.128, 2542 MHz, 13801 MHz, 72.29 W, 32, 0 %, 2663 MiB
2026/08/03 02:19:02.129, 2542 MHz, 13801 MHz, 72.59 W, 32, 0 %, 2663 MiB
2026/08/03 02:19:07.130, 2542 MHz, 13801 MHz, 72.65 W, 32, 0 %, 2663 MiB
2026/08/03 02:19:12.131, 2542 MHz, 13801 MHz, 71.71 W, 32, 0 %, 2261 MiB
2026/08/03 02:19:17.132, 2655 MHz, 13801 MHz, 75.39 W, 32, 0 %, 2279 MiB
2026/08/03 02:19:22.133, 2542 MHz, 13801 MHz, 73.26 W, 32, 0 %, 2353 MiB
2026/08/03 02:19:27.134, 2542 MHz, 13801 MHz, 74.31 W, 32, 0 %, 2663 MiB
2026/08/03 02:19:32.135, 2565 MHz, 13801 MHz, 72.79 W, 32, 0 %, 2277 MiB
2026/08/03 02:19:37.135, 2587 MHz, 13801 MHz, 74.65 W, 32, 0 %, 2281 MiB
2026/08/03 02:19:42.136, 2550 MHz, 13801 MHz, 70.88 W, 32, 0 %, 2663 MiB
2026/08/03 02:19:47.137, 2542 MHz, 13801 MHz, 72.12 W, 32, 0 %, 2663 MiB
2026/08/03 02:19:52.138, 2542 MHz, 13801 MHz, 71.97 W, 32, 0 %, 2663 MiB
2026/08/03 02:19:57.140, 2542 MHz, 13801 MHz, 72.44 W, 32, 0 %, 2663 MiB
2026/08/03 02:20:02.140, 2542 MHz, 13801 MHz, 72.01 W, 32, 0 %, 2663 MiB
2026/08/03 02:20:07.140, 2542 MHz, 13801 MHz, 71.32 W, 32, 0 %, 1730 MiB
2026/08/03 02:20:12.141, 2542 MHz, 13801 MHz, 71.39 W, 32, 0 %, 1730 MiB
2026/08/03 02:20:17.142, 2542 MHz, 13801 MHz, 70.73 W, 32, 0 %, 1730 MiB
2026/08/03 02:20:22.142, 2550 MHz, 13801 MHz, 71.92 W, 32, 0 %, 1730 MiB
2026/08/03 02:20:27.143, 2542 MHz, 13801 MHz, 69.83 W, 32, 0 %, 1730 MiB
2026/08/03 02:20:32.144, 2542 MHz, 13801 MHz, 71.15 W, 32, 0 %, 1730 MiB
2026/08/03 02:20:37.144, 2542 MHz, 13801 MHz, 72.02 W, 32, 0 %, 1730 MiB
2026/08/03 02:20:42.145, 2542 MHz, 13801 MHz, 70.33 W, 32, 0 %, 1730 MiB
2026/08/03 02:20:47.145, 2542 MHz, 13801 MHz, 72.09 W, 32, 0 %, 1730 MiB
2026/08/03 02:20:52.146, 2542 MHz, 13801 MHz, 71.29 W, 31, 0 %, 1730 MiB
2026/08/03 02:20:57.146, 2542 MHz, 13801 MHz, 70.07 W, 31, 0 %, 1730 MiB
2026/08/03 02:21:02.147, 2542 MHz, 13801 MHz, 71.26 W, 31, 0 %, 1730 MiB
2026/08/03 02:21:07.147, 2550 MHz, 13801 MHz, 71.34 W, 31, 0 %, 2271 MiB
2026/08/03 02:21:12.148, 2542 MHz, 13801 MHz, 69.56 W, 31, 0 %, 2285 MiB
2026/08/03 02:21:17.148, 2542 MHz, 13801 MHz, 71.08 W, 31, 0 %, 2287 MiB
2026/08/03 02:21:22.148, 2542 MHz, 13801 MHz, 69.78 W, 31, 0 %, 2287 MiB
2026/08/03 02:21:27.149, 2542 MHz, 13801 MHz, 69.65 W, 31, 0 %, 2287 MiB
2026/08/03 02:21:32.149, 2542 MHz, 13801 MHz, 72.21 W, 31, 0 %, 2287 MiB
2026/08/03 02:21:37.150, 2550 MHz, 13801 MHz, 70.07 W, 31, 0 %, 2287 MiB
2026/08/03 02:21:42.151, 2542 MHz, 13801 MHz, 70.52 W, 31, 0 %, 2289 MiB
2026/08/03 02:21:47.152, 2550 MHz, 13801 MHz, 71.62 W, 31, 0 %, 2287 MiB
2026/08/03 02:21:52.153, 2542 MHz, 13801 MHz, 70.19 W, 31, 0 %, 2287 MiB
2026/08/03 02:21:57.153, 2542 MHz, 13801 MHz, 70.71 W, 31, 0 %, 2287 MiB
2026/08/03 02:22:02.154, 2542 MHz, 13801 MHz, 72.18 W, 31, 0 %, 2287 MiB
2026/08/03 02:22:07.155, 2542 MHz, 13801 MHz, 70.09 W, 31, 0 %, 2289 MiB
2026/08/03 02:22:12.156, 2550 MHz, 13801 MHz, 70.17 W, 31, 0 %, 2287 MiB
2026/08/03 02:22:17.157, 2542 MHz, 13801 MHz, 72.76 W, 31, 0 %, 2287 MiB
2026/08/03 02:22:22.157, 2542 MHz, 13801 MHz, 70.12 W, 31, 0 %, 2287 MiB
2026/08/03 02:22:27.159, 2542 MHz, 13801 MHz, 70.92 W, 31, 0 %, 2287 MiB
2026/08/03 02:22:32.159, 2557 MHz, 13801 MHz, 71.67 W, 31, 1 %, 2289 MiB
2026/08/03 02:22:37.162, 2550 MHz, 13801 MHz, 70.72 W, 31, 0 %, 2287 MiB
2026/08/03 02:22:42.163, 2580 MHz, 13801 MHz, 72.37 W, 32, 9 %, 2289 MiB
2026/08/03 02:22:47.164, 2565 MHz, 13801 MHz, 74.53 W, 32, 0 %, 2289 MiB
2026/08/03 02:22:52.165, 2557 MHz, 13801 MHz, 71.80 W, 31, 0 %, 2289 MiB
2026/08/03 02:22:57.169, 2550 MHz, 13801 MHz, 70.28 W, 31, 0 %, 2289 MiB
2026/08/03 02:23:02.170, 2542 MHz, 13801 MHz, 71.16 W, 31, 0 %, 2289 MiB
2026/08/03 02:23:07.171, 2542 MHz, 13801 MHz, 69.82 W, 31, 0 %, 2289 MiB
2026/08/03 02:23:12.178, 2550 MHz, 13801 MHz, 71.51 W, 31, 0 %, 2289 MiB
2026/08/03 02:23:17.179, 2542 MHz, 13801 MHz, 70.97 W, 31, 0 %, 2289 MiB
2026/08/03 02:23:22.180, 2542 MHz, 13801 MHz, 70.30 W, 32, 0 %, 2289 MiB
2026/08/03 02:23:27.182, 2587 MHz, 13801 MHz, 83.06 W, 32, 1 %, 2487 MiB
2026/08/03 02:23:32.182, 2542 MHz, 13801 MHz, 70.28 W, 32, 0 %, 2289 MiB
2026/08/03 02:23:37.183, 2542 MHz, 13801 MHz, 70.61 W, 32, 0 %, 2289 MiB
2026/08/03 02:23:42.184, 2550 MHz, 13801 MHz, 70.07 W, 32, 1 %, 2289 MiB
2026/08/03 02:23:47.186, 2542 MHz, 13801 MHz, 71.29 W, 31, 0 %, 2289 MiB
2026/08/03 02:23:52.187, 2542 MHz, 13801 MHz, 69.68 W, 32, 0 %, 2289 MiB
2026/08/03 02:23:57.187, 2542 MHz, 13801 MHz, 70.80 W, 32, 0 %, 2363 MiB
2026/08/03 02:24:02.189, 2572 MHz, 13801 MHz, 74.29 W, 32, 2 %, 2363 MiB
2026/08/03 02:24:07.189, 2542 MHz, 13801 MHz, 69.48 W, 32, 0 %, 2363 MiB
2026/08/03 02:24:12.190, 2542 MHz, 13801 MHz, 72.32 W, 32, 1 %, 2363 MiB
2026/08/03 02:24:17.190, 2595 MHz, 13801 MHz, 72.79 W, 32, 8 %, 2363 MiB
2026/08/03 02:24:22.191, 2542 MHz, 13801 MHz, 71.19 W, 31, 0 %, 2363 MiB
2026/08/03 02:24:27.192, 2542 MHz, 13801 MHz, 70.99 W, 31, 0 %, 2363 MiB
2026/08/03 02:24:32.193, 2550 MHz, 13801 MHz, 70.33 W, 32, 1 %, 2363 MiB
2026/08/03 02:24:37.194, 2542 MHz, 13801 MHz, 69.80 W, 32, 0 %, 2363 MiB
2026/08/03 02:24:42.195, 2542 MHz, 13801 MHz, 71.01 W, 32, 0 %, 2363 MiB
2026/08/03 02:24:47.195, 2542 MHz, 13801 MHz, 69.26 W, 32, 0 %, 2363 MiB
2026/08/03 02:24:52.195, 2550 MHz, 13801 MHz, 68.34 W, 32, 0 %, 2363 MiB
2026/08/03 02:24:57.198, 2542 MHz, 13801 MHz, 71.83 W, 32, 0 %, 2363 MiB
2026/08/03 02:25:02.199, 2542 MHz, 13801 MHz, 70.26 W, 31, 0 %, 2363 MiB
2026/08/03 02:25:07.200, 2542 MHz, 13801 MHz, 70.60 W, 31, 0 %, 2363 MiB
2026/08/03 02:25:12.202, 2542 MHz, 13801 MHz, 70.69 W, 32, 0 %, 2363 MiB
2026/08/03 02:25:17.203, 2557 MHz, 13801 MHz, 71.37 W, 32, 0 %, 2363 MiB
2026/08/03 02:25:22.204, 2542 MHz, 13801 MHz, 71.28 W, 32, 0 %, 2363 MiB
2026/08/03 02:25:27.204, 2542 MHz, 13801 MHz, 70.37 W, 32, 0 %, 2363 MiB
2026/08/03 02:25:32.205, 2542 MHz, 13801 MHz, 70.04 W, 32, 0 %, 2363 MiB
2026/08/03 02:25:37.211, 2542 MHz, 13801 MHz, 70.49 W, 31, 0 %, 2363 MiB
2026/08/03 02:25:42.212, 2550 MHz, 13801 MHz, 72.44 W, 31, 0 %, 2363 MiB
2026/08/03 02:25:47.212, 2542 MHz, 13801 MHz, 70.47 W, 31, 0 %, 2363 MiB
2026/08/03 02:25:52.212, 2542 MHz, 13801 MHz, 71.38 W, 32, 0 %, 2363 MiB
2026/08/03 02:25:57.214, 2542 MHz, 13801 MHz, 71.30 W, 32, 0 %, 2363 MiB
2026/08/03 02:26:02.216, 2550 MHz, 13801 MHz, 69.80 W, 32, 0 %, 2363 MiB
2026/08/03 02:26:07.216, 2550 MHz, 13801 MHz, 72.57 W, 32, 1 %, 2363 MiB
2026/08/03 02:26:12.217, 2542 MHz, 13801 MHz, 70.00 W, 31, 0 %, 2363 MiB
2026/08/03 02:26:17.217, 2550 MHz, 13801 MHz, 69.37 W, 31, 0 %, 2363 MiB
2026/08/03 02:26:22.218, 2542 MHz, 13801 MHz, 70.81 W, 31, 0 %, 2363 MiB
2026/08/03 02:26:27.219, 2542 MHz, 13801 MHz, 70.77 W, 31, 0 %, 2363 MiB
2026/08/03 02:26:32.219, 2542 MHz, 13801 MHz, 69.74 W, 31, 0 %, 2363 MiB
2026/08/03 02:26:37.220, 2550 MHz, 13801 MHz, 70.90 W, 31, 0 %, 2363 MiB
2026/08/03 02:26:42.220, 2542 MHz, 13801 MHz, 70.96 W, 31, 0 %, 2363 MiB
2026/08/03 02:26:47.220, 2557 MHz, 13801 MHz, 70.90 W, 31, 0 %, 2363 MiB
2026/08/03 02:26:52.221, 2587 MHz, 13801 MHz, 73.41 W, 31, 2 %, 2363 MiB
2026/08/03 02:26:57.221, 2557 MHz, 13801 MHz, 74.85 W, 31, 0 %, 2363 MiB
2026/08/03 02:27:02.222, 2542 MHz, 13801 MHz, 70.34 W, 31, 0 %, 2363 MiB
2026/08/03 02:27:07.223, 2542 MHz, 13801 MHz, 71.35 W, 31, 0 %, 2363 MiB
2026/08/03 02:27:12.223, 2542 MHz, 13801 MHz, 70.49 W, 31, 0 %, 2363 MiB
2026/08/03 02:27:17.223, 2542 MHz, 13801 MHz, 69.34 W, 31, 0 %, 2363 MiB
2026/08/03 02:27:22.225, 2542 MHz, 13801 MHz, 72.19 W, 31, 0 %, 2363 MiB
2026/08/03 02:27:27.226, 2542 MHz, 13801 MHz, 71.61 W, 31, 0 %, 2363 MiB
2026/08/03 02:27:32.226, 2542 MHz, 13801 MHz, 69.78 W, 31, 0 %, 2363 MiB
2026/08/03 02:27:37.227, 2542 MHz, 13801 MHz, 72.69 W, 31, 0 %, 2363 MiB
2026/08/03 02:27:42.228, 2542 MHz, 13801 MHz, 70.21 W, 31, 0 %, 2363 MiB
2026/08/03 02:27:47.229, 2542 MHz, 13801 MHz, 71.84 W, 31, 0 %, 2363 MiB
2026/08/03 02:27:52.229, 2542 MHz, 13801 MHz, 72.63 W, 31, 0 %, 1730 MiB
2026/08/03 02:27:57.230, 2542 MHz, 13801 MHz, 69.75 W, 31, 0 %, 1730 MiB
2026/08/03 02:28:02.230, 2542 MHz, 13801 MHz, 70.22 W, 31, 0 %, 1730 MiB
2026/08/03 02:28:07.231, 2542 MHz, 13801 MHz, 71.31 W, 31, 0 %, 1730 MiB
2026/08/03 02:28:12.231, 2542 MHz, 13801 MHz, 70.59 W, 31, 1 %, 1730 MiB
2026/08/03 02:28:17.232, 2542 MHz, 13801 MHz, 70.87 W, 31, 0 %, 2267 MiB
2026/08/03 02:28:22.232, 2542 MHz, 13801 MHz, 72.96 W, 31, 0 %, 2269 MiB
2026/08/03 02:28:27.233, 2542 MHz, 13801 MHz, 71.35 W, 31, 0 %, 1730 MiB
2026/08/03 02:28:32.233, 2542 MHz, 13801 MHz, 71.81 W, 31, 0 %, 1730 MiB
2026/08/03 02:28:37.234, 2542 MHz, 13801 MHz, 71.69 W, 31, 0 %, 1730 MiB
2026/08/03 02:28:42.234, 2550 MHz, 13801 MHz, 71.21 W, 31, 0 %, 1730 MiB
2026/08/03 02:28:47.235, 2542 MHz, 13801 MHz, 72.39 W, 31, 0 %, 1730 MiB
2026/08/03 02:28:52.235, 2542 MHz, 13801 MHz, 71.35 W, 31, 0 %, 1730 MiB
2026/08/03 02:28:57.236, 2542 MHz, 13801 MHz, 70.14 W, 31, 0 %, 2233 MiB
2026/08/03 02:29:02.236, 2542 MHz, 13801 MHz, 70.43 W, 31, 0 %, 1730 MiB
2026/08/03 02:29:07.237, 2542 MHz, 13801 MHz, 71.85 W, 31, 0 %, 1730 MiB
2026/08/03 02:29:12.238, 2542 MHz, 13801 MHz, 69.44 W, 31, 0 %, 1730 MiB
2026/08/03 02:29:17.239, 2542 MHz, 13801 MHz, 71.36 W, 31, 0 %, 1730 MiB
2026/08/03 02:29:22.240, 2550 MHz, 13801 MHz, 70.43 W, 31, 0 %, 1730 MiB
2026/08/03 02:29:27.249, 2542 MHz, 13801 MHz, 70.18 W, 31, 0 %, 1730 MiB
2026/08/03 02:29:32.249, 2542 MHz, 13801 MHz, 72.37 W, 31, 0 %, 1730 MiB
2026/08/03 02:29:37.250, 2542 MHz, 13801 MHz, 71.43 W, 31, 0 %, 1730 MiB
2026/08/03 02:29:42.250, 2542 MHz, 13801 MHz, 70.81 W, 31, 0 %, 1730 MiB
2026/08/03 02:29:47.251, 2542 MHz, 13801 MHz, 71.80 W, 31, 0 %, 1730 MiB
2026/08/03 02:29:52.251, 2542 MHz, 13801 MHz, 71.64 W, 31, 0 %, 1730 MiB
2026/08/03 02:29:57.252, 2542 MHz, 13801 MHz, 69.75 W, 31, 0 %, 1730 MiB
2026/08/03 02:30:02.253, 2542 MHz, 13801 MHz, 72.46 W, 31, 0 %, 1730 MiB
2026/08/03 02:30:07.254, 2542 MHz, 13801 MHz, 71.32 W, 31, 0 %, 1730 MiB
2026/08/03 02:30:12.254, 2542 MHz, 13801 MHz, 70.62 W, 31, 0 %, 1730 MiB
2026/08/03 02:30:17.255, 2550 MHz, 13801 MHz, 73.19 W, 31, 1 %, 1730 MiB
2026/08/03 02:30:22.255, 2550 MHz, 13801 MHz, 71.66 W, 31, 0 %, 1730 MiB
2026/08/03 02:30:27.256, 2542 MHz, 13801 MHz, 71.46 W, 31, 0 %, 1730 MiB
2026/08/03 02:30:32.256, 2542 MHz, 13801 MHz, 70.89 W, 31, 0 %, 1730 MiB
2026/08/03 02:30:37.256, 2542 MHz, 13801 MHz, 71.03 W, 31, 0 %, 1730 MiB
2026/08/03 02:30:42.257, 2542 MHz, 13801 MHz, 70.57 W, 31, 0 %, 1730 MiB
2026/08/03 02:30:47.257, 2542 MHz, 13801 MHz, 71.80 W, 31, 0 %, 1730 MiB
2026/08/03 02:30:52.258, 2542 MHz, 13801 MHz, 69.94 W, 31, 0 %, 1730 MiB
2026/08/03 02:30:57.258, 2550 MHz, 13801 MHz, 71.43 W, 31, 0 %, 1730 MiB
2026/08/03 02:31:02.259, 2542 MHz, 13801 MHz, 72.07 W, 31, 0 %, 1730 MiB
2026/08/03 02:31:07.259, 2550 MHz, 13801 MHz, 69.98 W, 31, 1 %, 1730 MiB
2026/08/03 02:31:12.259, 2542 MHz, 13801 MHz, 70.37 W, 31, 0 %, 1730 MiB
2026/08/03 02:31:17.260, 2542 MHz, 13801 MHz, 70.47 W, 31, 0 %, 1730 MiB
2026/08/03 02:31:22.260, 2542 MHz, 13801 MHz, 70.78 W, 31, 0 %, 1730 MiB
2026/08/03 02:31:27.261, 2542 MHz, 13801 MHz, 70.66 W, 31, 0 %, 1730 MiB
2026/08/03 02:31:32.261, 2550 MHz, 13801 MHz, 71.36 W, 31, 0 %, 1730 MiB
2026/08/03 02:31:37.262, 2542 MHz, 13801 MHz, 69.97 W, 31, 0 %, 1730 MiB
2026/08/03 02:31:42.262, 2542 MHz, 13801 MHz, 69.09 W, 31, 0 %, 1730 MiB
2026/08/03 02:31:47.263, 2550 MHz, 13801 MHz, 70.53 W, 31, 0 %, 1730 MiB
2026/08/03 02:31:52.263, 2542 MHz, 13801 MHz, 69.22 W, 31, 0 %, 1730 MiB
2026/08/03 02:31:57.263, 2542 MHz, 13801 MHz, 69.36 W, 31, 0 %, 1730 MiB
2026/08/03 02:32:02.264, 2542 MHz, 13801 MHz, 70.45 W, 31, 0 %, 1730 MiB
2026/08/03 02:32:07.264, 2542 MHz, 13801 MHz, 69.58 W, 31, 0 %, 1730 MiB
2026/08/03 02:32:12.265, 2542 MHz, 13801 MHz, 71.44 W, 31, 0 %, 1730 MiB
2026/08/03 02:32:17.265, 2542 MHz, 13801 MHz, 71.07 W, 31, 0 %, 1730 MiB
2026/08/03 02:32:22.266, 2542 MHz, 13801 MHz, 70.21 W, 31, 0 %, 1730 MiB
2026/08/03 02:32:27.266, 2542 MHz, 13801 MHz, 70.33 W, 31, 0 %, 1730 MiB
2026/08/03 02:32:32.266, 2542 MHz, 13801 MHz, 71.68 W, 31, 0 %, 1730 MiB
2026/08/03 02:32:37.267, 2542 MHz, 13801 MHz, 70.04 W, 31, 0 %, 1730 MiB
2026/08/03 02:32:42.267, 2542 MHz, 13801 MHz, 72.13 W, 31, 0 %, 1730 MiB
2026/08/03 02:32:47.268, 2542 MHz, 13801 MHz, 71.16 W, 31, 0 %, 1730 MiB
2026/08/03 02:32:52.268, 2542 MHz, 13801 MHz, 70.38 W, 31, 0 %, 1730 MiB
2026/08/03 02:32:57.269, 2542 MHz, 13801 MHz, 73.08 W, 31, 0 %, 1730 MiB
2026/08/03 02:33:02.269, 2542 MHz, 13801 MHz, 70.75 W, 31, 0 %, 1730 MiB
2026/08/03 02:33:07.270, 2550 MHz, 13801 MHz, 71.63 W, 31, 1 %, 1730 MiB
2026/08/03 02:33:12.270, 2542 MHz, 13801 MHz, 71.00 W, 31, 0 %, 1730 MiB
2026/08/03 02:33:17.270, 2542 MHz, 13801 MHz, 70.77 W, 31, 0 %, 1730 MiB
2026/08/03 02:33:22.271, 2542 MHz, 13801 MHz, 69.77 W, 31, 0 %, 1730 MiB
2026/08/03 02:33:27.271, 2542 MHz, 13801 MHz, 70.53 W, 31, 0 %, 1730 MiB
2026/08/03 02:33:32.272, 2542 MHz, 13801 MHz, 69.11 W, 31, 0 %, 1730 MiB
2026/08/03 02:33:37.272, 2542 MHz, 13801 MHz, 69.35 W, 31, 0 %, 1730 MiB
2026/08/03 02:33:42.273, 2550 MHz, 13801 MHz, 70.46 W, 31, 1 %, 1730 MiB
2026/08/03 02:33:47.273, 2542 MHz, 13801 MHz, 69.11 W, 31, 0 %, 1730 MiB
2026/08/03 02:33:52.273, 2550 MHz, 13801 MHz, 70.29 W, 31, 0 %, 1730 MiB
2026/08/03 02:33:57.274, 2542 MHz, 13801 MHz, 70.64 W, 31, 0 %, 1730 MiB
2026/08/03 02:34:02.274, 2542 MHz, 13801 MHz, 70.90 W, 31, 0 %, 1730 MiB
2026/08/03 02:34:07.275, 2542 MHz, 13801 MHz, 69.84 W, 31, 0 %, 1730 MiB
2026/08/03 02:34:12.275, 2542 MHz, 13801 MHz, 69.77 W, 31, 0 %, 1730 MiB
2026/08/03 02:34:17.276, 2542 MHz, 13801 MHz, 69.61 W, 31, 0 %, 1730 MiB
2026/08/03 02:34:22.277, 2550 MHz, 13801 MHz, 69.23 W, 31, 1 %, 1730 MiB
2026/08/03 02:34:27.278, 2542 MHz, 13801 MHz, 71.42 W, 31, 0 %, 1730 MiB
2026/08/03 02:34:32.279, 2542 MHz, 13801 MHz, 69.48 W, 31, 0 %, 1730 MiB
2026/08/03 02:34:37.279, 2542 MHz, 13801 MHz, 71.89 W, 31, 0 %, 1730 MiB
2026/08/03 02:34:42.280, 2542 MHz, 13801 MHz, 70.55 W, 31, 0 %, 1730 MiB
2026/08/03 02:34:47.280, 2542 MHz, 13801 MHz, 69.65 W, 31, 0 %, 1730 MiB
2026/08/03 02:34:52.281, 2542 MHz, 13801 MHz, 70.35 W, 31, 0 %, 1730 MiB
2026/08/03 02:34:57.283, 2550 MHz, 13801 MHz, 70.63 W, 31, 1 %, 1730 MiB
2026/08/03 02:35:02.285, 2542 MHz, 13801 MHz, 69.82 W, 31, 0 %, 1730 MiB
2026/08/03 02:35:07.287, 2542 MHz, 13801 MHz, 69.94 W, 31, 0 %, 1730 MiB
2026/08/03 02:35:12.288, 2542 MHz, 13801 MHz, 70.91 W, 31, 0 %, 1730 MiB
2026/08/03 02:35:17.289, 2542 MHz, 13801 MHz, 69.26 W, 31, 0 %, 1730 MiB
2026/08/03 02:35:22.299, 2542 MHz, 13801 MHz, 71.14 W, 31, 0 %, 1730 MiB
2026/08/03 02:35:27.303, 2542 MHz, 13801 MHz, 70.49 W, 31, 0 %, 1730 MiB
2026/08/03 02:35:32.304, 2542 MHz, 13801 MHz, 70.47 W, 31, 0 %, 1730 MiB
2026/08/03 02:35:37.305, 2542 MHz, 13801 MHz, 71.70 W, 31, 0 %, 1730 MiB
2026/08/03 02:35:42.306, 2542 MHz, 13801 MHz, 69.98 W, 31, 0 %, 1730 MiB
2026/08/03 02:35:47.307, 2542 MHz, 13801 MHz, 69.04 W, 31, 0 %, 1730 MiB
2026/08/03 02:35:52.307, 2542 MHz, 13801 MHz, 70.62 W, 31, 0 %, 1730 MiB
2026/08/03 02:35:57.308, 2542 MHz, 13801 MHz, 70.74 W, 31, 0 %, 1730 MiB
2026/08/03 02:36:02.309, 2542 MHz, 13801 MHz, 68.43 W, 31, 0 %, 1730 MiB
2026/08/03 02:36:07.310, 2542 MHz, 13801 MHz, 70.43 W, 31, 0 %, 1730 MiB
2026/08/03 02:36:12.311, 2542 MHz, 13801 MHz, 68.78 W, 31, 0 %, 1730 MiB
2026/08/03 02:36:17.312, 2542 MHz, 13801 MHz, 68.97 W, 31, 0 %, 1730 MiB
2026/08/03 02:36:22.312, 2542 MHz, 13801 MHz, 72.27 W, 31, 0 %, 1730 MiB
2026/08/03 02:36:27.313, 2542 MHz, 13801 MHz, 69.93 W, 31, 0 %, 1730 MiB
2026/08/03 02:36:32.315, 2542 MHz, 13801 MHz, 69.99 W, 31, 0 %, 1730 MiB
2026/08/03 02:36:37.316, 2550 MHz, 13801 MHz, 70.94 W, 31, 0 %, 1730 MiB
2026/08/03 02:36:42.316, 2542 MHz, 13801 MHz, 69.93 W, 31, 0 %, 1730 MiB
2026/08/03 02:36:47.317, 2542 MHz, 13801 MHz, 69.68 W, 31, 0 %, 1730 MiB
2026/08/03 02:36:52.317, 2542 MHz, 13801 MHz, 69.83 W, 31, 0 %, 1730 MiB
2026/08/03 02:36:57.318, 2542 MHz, 13801 MHz, 68.70 W, 31, 0 %, 1730 MiB
2026/08/03 02:37:02.318, 2542 MHz, 13801 MHz, 68.27 W, 31, 0 %, 1730 MiB
2026/08/03 02:37:07.319, 2542 MHz, 13801 MHz, 70.86 W, 31, 0 %, 1730 MiB
2026/08/03 02:37:12.319, 2542 MHz, 13801 MHz, 71.33 W, 31, 0 %, 1730 MiB
2026/08/03 02:37:17.320, 2542 MHz, 13801 MHz, 70.84 W, 31, 0 %, 1730 MiB
2026/08/03 02:37:22.321, 2542 MHz, 13801 MHz, 71.66 W, 31, 0 %, 1730 MiB
2026/08/03 02:37:27.321, 2542 MHz, 13801 MHz, 71.60 W, 31, 0 %, 1730 MiB
2026/08/03 02:37:32.323, 2542 MHz, 13801 MHz, 71.00 W, 31, 0 %, 1730 MiB
2026/08/03 02:37:37.323, 2542 MHz, 13801 MHz, 70.99 W, 31, 0 %, 1730 MiB
2026/08/03 02:37:42.324, 2550 MHz, 13801 MHz, 70.27 W, 31, 1 %, 1730 MiB
2026/08/03 02:37:47.325, 2542 MHz, 13801 MHz, 69.44 W, 31, 1 %, 1730 MiB
2026/08/03 02:37:52.326, 2542 MHz, 13801 MHz, 71.66 W, 31, 0 %, 1730 MiB
2026/08/03 02:37:57.326, 2542 MHz, 13801 MHz, 69.71 W, 31, 0 %, 1730 MiB
2026/08/03 02:38:02.327, 2542 MHz, 13801 MHz, 70.38 W, 31, 0 %, 1730 MiB
2026/08/03 02:38:07.327, 2542 MHz, 13801 MHz, 70.54 W, 31, 0 %, 1730 MiB
2026/08/03 02:38:12.328, 2542 MHz, 13801 MHz, 69.94 W, 31, 0 %, 1730 MiB
2026/08/03 02:38:17.329, 2542 MHz, 13801 MHz, 70.77 W, 31, 0 %, 1730 MiB
2026/08/03 02:38:22.330, 2542 MHz, 13801 MHz, 69.23 W, 31, 0 %, 1730 MiB
2026/08/03 02:38:27.331, 2542 MHz, 13801 MHz, 68.57 W, 31, 0 %, 1730 MiB
2026/08/03 02:38:32.332, 2542 MHz, 13801 MHz, 68.94 W, 31, 0 %, 1730 MiB
2026/08/03 02:38:37.332, 2542 MHz, 13801 MHz, 70.45 W, 31, 0 %, 1730 MiB
2026/08/03 02:38:42.333, 2542 MHz, 13801 MHz, 69.53 W, 31, 0 %, 1730 MiB
2026/08/03 02:38:47.333, 2542 MHz, 13801 MHz, 71.22 W, 31, 0 %, 1730 MiB
2026/08/03 02:38:52.333, 2542 MHz, 13801 MHz, 68.55 W, 31, 0 %, 1730 MiB
2026/08/03 02:38:57.334, 2542 MHz, 13801 MHz, 68.20 W, 31, 0 %, 1730 MiB
2026/08/03 02:39:02.334, 2550 MHz, 13801 MHz, 71.29 W, 31, 0 %, 1730 MiB
2026/08/03 02:39:07.335, 2542 MHz, 13801 MHz, 69.66 W, 31, 0 %, 1730 MiB
2026/08/03 02:39:12.336, 2542 MHz, 13801 MHz, 69.68 W, 31, 0 %, 1730 MiB
2026/08/03 02:39:17.337, 2542 MHz, 13801 MHz, 70.10 W, 31, 0 %, 1730 MiB
2026/08/03 02:39:22.337, 2542 MHz, 13801 MHz, 70.29 W, 31, 0 %, 1730 MiB
2026/08/03 02:39:27.338, 2542 MHz, 13801 MHz, 69.81 W, 31, 0 %, 1730 MiB
2026/08/03 02:39:32.338, 2542 MHz, 13801 MHz, 69.70 W, 31, 0 %, 1730 MiB
2026/08/03 02:39:37.339, 2542 MHz, 13801 MHz, 68.49 W, 31, 0 %, 1730 MiB
2026/08/03 02:39:42.340, 2542 MHz, 13801 MHz, 68.85 W, 31, 0 %, 1730 MiB
2026/08/03 02:39:47.341, 2550 MHz, 13801 MHz, 70.82 W, 31, 1 %, 1730 MiB
2026/08/03 02:39:52.342, 2550 MHz, 13801 MHz, 69.79 W, 31, 0 %, 1730 MiB
2026/08/03 02:39:57.342, 2550 MHz, 13801 MHz, 69.91 W, 31, 0 %, 1730 MiB
2026/08/03 02:40:02.343, 2542 MHz, 13801 MHz, 71.10 W, 31, 0 %, 1730 MiB
2026/08/03 02:40:07.344, 2542 MHz, 13801 MHz, 69.98 W, 31, 0 %, 1730 MiB
2026/08/03 02:40:12.345, 2542 MHz, 13801 MHz, 69.79 W, 31, 0 %, 1730 MiB
2026/08/03 02:40:17.345, 2542 MHz, 13801 MHz, 69.91 W, 31, 0 %, 1730 MiB
2026/08/03 02:40:22.345, 2542 MHz, 13801 MHz, 68.52 W, 31, 0 %, 1730 MiB
2026/08/03 02:40:27.346, 2542 MHz, 13801 MHz, 68.57 W, 31, 0 %, 1730 MiB
2026/08/03 02:40:32.346, 2550 MHz, 13801 MHz, 70.54 W, 31, 0 %, 1730 MiB
2026/08/03 02:40:37.347, 2542 MHz, 13801 MHz, 68.35 W, 31, 0 %, 1730 MiB
2026/08/03 02:40:42.347, 2550 MHz, 13801 MHz, 69.57 W, 31, 0 %, 1730 MiB
2026/08/03 02:40:47.348, 2542 MHz, 13801 MHz, 69.64 W, 31, 0 %, 1730 MiB
2026/08/03 02:40:52.348, 2542 MHz, 13801 MHz, 68.32 W, 31, 0 %, 1730 MiB
2026/08/03 02:40:57.349, 2542 MHz, 13801 MHz, 70.66 W, 31, 0 %, 1730 MiB
2026/08/03 02:41:02.349, 2542 MHz, 13801 MHz, 69.21 W, 31, 0 %, 1730 MiB
2026/08/03 02:41:07.350, 2542 MHz, 13801 MHz, 68.59 W, 31, 0 %, 1730 MiB
2026/08/03 02:41:12.350, 2542 MHz, 13801 MHz, 68.72 W, 31, 0 %, 1730 MiB
2026/08/03 02:41:17.351, 2550 MHz, 13801 MHz, 69.35 W, 31, 0 %, 1730 MiB
2026/08/03 02:41:22.351, 2542 MHz, 13801 MHz, 67.89 W, 31, 0 %, 1730 MiB
2026/08/03 02:41:27.352, 2542 MHz, 13801 MHz, 68.75 W, 31, 0 %, 1730 MiB
2026/08/03 02:41:32.352, 2542 MHz, 13801 MHz, 68.48 W, 31, 0 %, 1730 MiB
2026/08/03 02:41:37.352, 2542 MHz, 13801 MHz, 67.34 W, 31, 0 %, 1730 MiB
2026/08/03 02:41:42.353, 2542 MHz, 13801 MHz, 70.31 W, 31, 0 %, 1730 MiB
2026/08/03 02:41:47.353, 2542 MHz, 13801 MHz, 69.83 W, 31, 0 %, 1730 MiB
2026/08/03 02:41:52.354, 2550 MHz, 13801 MHz, 68.98 W, 31, 0 %, 1730 MiB
2026/08/03 02:41:57.354, 2542 MHz, 13801 MHz, 68.91 W, 31, 0 %, 1730 MiB
2026/08/03 02:42:02.355, 2542 MHz, 13801 MHz, 69.59 W, 31, 0 %, 1730 MiB
2026/08/03 02:42:07.355, 2542 MHz, 13801 MHz, 68.00 W, 31, 0 %, 1730 MiB
2026/08/03 02:42:12.356, 2542 MHz, 13801 MHz, 69.50 W, 31, 0 %, 1730 MiB
2026/08/03 02:42:17.356, 2542 MHz, 13801 MHz, 68.67 W, 31, 0 %, 1730 MiB
2026/08/03 02:42:22.357, 2550 MHz, 13801 MHz, 68.54 W, 31, 1 %, 1730 MiB
2026/08/03 02:42:27.357, 2542 MHz, 13801 MHz, 70.84 W, 31, 0 %, 1730 MiB
2026/08/03 02:42:32.357, 2542 MHz, 13801 MHz, 69.04 W, 31, 0 %, 1730 MiB
2026/08/03 02:42:37.358, 2542 MHz, 13801 MHz, 70.41 W, 31, 0 %, 1730 MiB
2026/08/03 02:42:42.358, 2542 MHz, 13801 MHz, 70.80 W, 31, 0 %, 1730 MiB
2026/08/03 02:42:47.359, 2542 MHz, 13801 MHz, 68.84 W, 31, 0 %, 1730 MiB
2026/08/03 02:42:52.359, 2542 MHz, 13801 MHz, 69.68 W, 31, 0 %, 1730 MiB
2026/08/03 02:42:57.360, 2550 MHz, 13801 MHz, 69.54 W, 31, 0 %, 1730 MiB
2026/08/03 02:43:02.360, 2542 MHz, 13801 MHz, 68.95 W, 31, 0 %, 1730 MiB
2026/08/03 02:43:07.360, 2542 MHz, 13801 MHz, 68.58 W, 31, 0 %, 1730 MiB
2026/08/03 02:43:12.361, 2542 MHz, 13801 MHz, 70.83 W, 31, 0 %, 1730 MiB
2026/08/03 02:43:17.361, 2542 MHz, 13801 MHz, 69.15 W, 31, 0 %, 1730 MiB
2026/08/03 02:43:22.362, 2542 MHz, 13801 MHz, 69.34 W, 31, 0 %, 1730 MiB
2026/08/03 02:43:27.362, 2542 MHz, 13801 MHz, 69.44 W, 31, 0 %, 1730 MiB
2026/08/03 02:43:32.363, 2550 MHz, 13801 MHz, 67.83 W, 31, 0 %, 1730 MiB
2026/08/03 02:43:37.363, 2542 MHz, 13801 MHz, 69.44 W, 31, 0 %, 1730 MiB
2026/08/03 02:43:42.363, 2542 MHz, 13801 MHz, 69.91 W, 31, 0 %, 1730 MiB
2026/08/03 02:43:47.364, 2550 MHz, 13801 MHz, 69.12 W, 31, 0 %, 1730 MiB
2026/08/03 02:43:52.364, 2542 MHz, 13801 MHz, 67.91 W, 31, 0 %, 1730 MiB
2026/08/03 02:43:57.365, 2542 MHz, 13801 MHz, 69.69 W, 31, 0 %, 1753 MiB
2026/08/03 02:44:02.365, 2542 MHz, 13801 MHz, 68.94 W, 31, 0 %, 1730 MiB
2026/08/03 02:44:07.366, 2550 MHz, 13801 MHz, 70.81 W, 31, 1 %, 1730 MiB
2026/08/03 02:44:12.366, 2542 MHz, 13801 MHz, 69.53 W, 31, 0 %, 1730 MiB
2026/08/03 02:44:17.367, 2542 MHz, 13801 MHz, 70.08 W, 31, 0 %, 1730 MiB
2026/08/03 02:44:22.367, 2542 MHz, 13801 MHz, 71.13 W, 31, 0 %, 1730 MiB
2026/08/03 02:44:27.367, 2542 MHz, 13801 MHz, 70.51 W, 31, 0 %, 1730 MiB
2026/08/03 02:44:32.368, 2542 MHz, 13801 MHz, 69.62 W, 31, 0 %, 1730 MiB
2026/08/03 02:44:37.368, 2542 MHz, 13801 MHz, 69.01 W, 31, 0 %, 1730 MiB
2026/08/03 02:44:42.369, 2542 MHz, 13801 MHz, 69.86 W, 31, 0 %, 1730 MiB
2026/08/03 02:44:47.369, 2542 MHz, 13801 MHz, 69.81 W, 31, 0 %, 1730 MiB
2026/08/03 02:44:52.370, 2542 MHz, 13801 MHz, 70.32 W, 31, 0 %, 1730 MiB
2026/08/03 02:44:57.370, 2542 MHz, 13801 MHz, 69.79 W, 31, 0 %, 1730 MiB
2026/08/03 02:45:02.371, 2542 MHz, 13801 MHz, 68.62 W, 31, 0 %, 1730 MiB
2026/08/03 02:45:07.371, 2542 MHz, 13801 MHz, 70.67 W, 31, 0 %, 1730 MiB
2026/08/03 02:45:12.371, 2542 MHz, 13801 MHz, 68.78 W, 31, 0 %, 1730 MiB
2026/08/03 02:45:17.372, 2542 MHz, 13801 MHz, 68.45 W, 31, 0 %, 1730 MiB
2026/08/03 02:45:22.372, 2542 MHz, 13801 MHz, 70.36 W, 31, 0 %, 1730 MiB
2026/08/03 02:45:27.373, 2542 MHz, 13801 MHz, 69.57 W, 31, 0 %, 1730 MiB
2026/08/03 02:45:32.373, 2550 MHz, 13801 MHz, 69.07 W, 31, 0 %, 1730 MiB
2026/08/03 02:45:37.374, 2542 MHz, 13801 MHz, 71.57 W, 31, 0 %, 1730 MiB
2026/08/03 02:45:42.374, 2542 MHz, 13801 MHz, 69.44 W, 31, 0 %, 1730 MiB
2026/08/03 02:45:47.375, 2542 MHz, 13801 MHz, 69.18 W, 31, 0 %, 1730 MiB
2026/08/03 02:45:52.375, 2542 MHz, 13801 MHz, 71.59 W, 31, 0 %, 1730 MiB
2026/08/03 02:45:57.376, 2542 MHz, 13801 MHz, 68.87 W, 31, 0 %, 1730 MiB
2026/08/03 02:46:02.376, 2550 MHz, 13801 MHz, 70.42 W, 31, 0 %, 1730 MiB
2026/08/03 02:46:07.376, 2542 MHz, 13801 MHz, 70.04 W, 31, 0 %, 1730 MiB
2026/08/03 02:46:12.377, 2542 MHz, 13801 MHz, 70.21 W, 31, 0 %, 1730 MiB
2026/08/03 02:46:17.377, 2542 MHz, 13801 MHz, 70.54 W, 31, 0 %, 1730 MiB
2026/08/03 02:46:22.378, 2542 MHz, 13801 MHz, 69.38 W, 31, 0 %, 1730 MiB
2026/08/03 02:46:27.378, 2542 MHz, 13801 MHz, 68.75 W, 31, 0 %, 1730 MiB
2026/08/03 02:46:32.379, 2542 MHz, 13801 MHz, 68.32 W, 31, 0 %, 1730 MiB
2026/08/03 02:46:37.379, 2542 MHz, 13801 MHz, 70.04 W, 31, 0 %, 1730 MiB
2026/08/03 02:46:42.380, 2542 MHz, 13801 MHz, 67.42 W, 31, 0 %, 1730 MiB
2026/08/03 02:46:47.380, 2542 MHz, 13801 MHz, 69.26 W, 31, 0 %, 1730 MiB
2026/08/03 02:46:52.380, 2542 MHz, 13801 MHz, 71.14 W, 31, 0 %, 1730 MiB
2026/08/03 02:46:57.381, 2542 MHz, 13801 MHz, 69.73 W, 31, 0 %, 1730 MiB
2026/08/03 02:47:02.381, 2550 MHz, 13801 MHz, 71.18 W, 31, 0 %, 1730 MiB
2026/08/03 02:47:07.382, 2542 MHz, 13801 MHz, 69.71 W, 31, 0 %, 1730 MiB
2026/08/03 02:47:12.382, 2542 MHz, 13801 MHz, 68.17 W, 31, 0 %, 1730 MiB
2026/08/03 02:47:17.383, 2542 MHz, 13801 MHz, 68.75 W, 31, 0 %, 1730 MiB
2026/08/03 02:47:22.383, 2542 MHz, 13801 MHz, 70.43 W, 31, 0 %, 1730 MiB
2026/08/03 02:47:27.384, 2542 MHz, 13801 MHz, 67.56 W, 31, 0 %, 1730 MiB
2026/08/03 02:47:32.384, 2542 MHz, 13801 MHz, 69.81 W, 31, 0 %, 1730 MiB
2026/08/03 02:47:37.385, 2542 MHz, 13801 MHz, 69.62 W, 31, 0 %, 1730 MiB
2026/08/03 02:47:42.385, 2542 MHz, 13801 MHz, 68.30 W, 31, 0 %, 1730 MiB
2026/08/03 02:47:47.385, 2542 MHz, 13801 MHz, 70.72 W, 31, 0 %, 1730 MiB
2026/08/03 02:47:52.386, 2542 MHz, 13801 MHz, 69.38 W, 31, 0 %, 1730 MiB
2026/08/03 02:47:57.386, 2550 MHz, 13801 MHz, 69.77 W, 31, 1 %, 1730 MiB
2026/08/03 02:48:02.387, 2542 MHz, 13801 MHz, 69.96 W, 31, 0 %, 1730 MiB
2026/08/03 02:48:07.387, 2550 MHz, 13801 MHz, 70.67 W, 31, 0 %, 1730 MiB
2026/08/03 02:48:12.388, 2542 MHz, 13801 MHz, 69.67 W, 31, 0 %, 1730 MiB
2026/08/03 02:48:17.388, 2542 MHz, 13801 MHz, 71.88 W, 31, 0 %, 1730 MiB
2026/08/03 02:48:22.389, 2542 MHz, 13801 MHz, 70.54 W, 31, 0 %, 1730 MiB
2026/08/03 02:48:27.389, 2542 MHz, 13801 MHz, 69.35 W, 31, 0 %, 1730 MiB
2026/08/03 02:48:32.390, 2542 MHz, 13801 MHz, 71.61 W, 31, 0 %, 1730 MiB
2026/08/03 02:48:37.390, 2542 MHz, 13801 MHz, 69.92 W, 31, 0 %, 1730 MiB
2026/08/03 02:48:42.391, 2542 MHz, 13801 MHz, 69.04 W, 31, 0 %, 1730 MiB
2026/08/03 02:48:47.391, 2542 MHz, 13801 MHz, 70.16 W, 31, 0 %, 1730 MiB
2026/08/03 02:48:52.391, 2542 MHz, 13801 MHz, 69.93 W, 31, 0 %, 1730 MiB
2026/08/03 02:48:57.392, 2542 MHz, 13801 MHz, 70.40 W, 31, 0 %, 1730 MiB
2026/08/03 02:49:02.392, 2542 MHz, 13801 MHz, 70.70 W, 31, 0 %, 1730 MiB
2026/08/03 02:49:07.393, 2542 MHz, 13801 MHz, 69.73 W, 31, 0 %, 1730 MiB
2026/08/03 02:49:12.393, 2542 MHz, 13801 MHz, 69.08 W, 31, 0 %, 1730 MiB
2026/08/03 02:49:17.394, 2542 MHz, 13801 MHz, 70.71 W, 31, 0 %, 1730 MiB
2026/08/03 02:49:22.394, 2550 MHz, 13801 MHz, 68.73 W, 31, 0 %, 1730 MiB
2026/08/03 02:49:27.395, 2542 MHz, 13801 MHz, 69.87 W, 31, 0 %, 1730 MiB
2026/08/03 02:49:32.395, 2542 MHz, 13801 MHz, 69.95 W, 31, 0 %, 1730 MiB
2026/08/03 02:49:37.396, 2542 MHz, 13801 MHz, 68.55 W, 31, 0 %, 1730 MiB
2026/08/03 02:49:42.396, 2542 MHz, 13801 MHz, 70.57 W, 31, 0 %, 1730 MiB
2026/08/03 02:49:47.396, 2542 MHz, 13801 MHz, 70.86 W, 31, 0 %, 1730 MiB
2026/08/03 02:49:52.397, 2542 MHz, 13801 MHz, 69.21 W, 31, 0 %, 1730 MiB
2026/08/03 02:49:57.397, 2542 MHz, 13801 MHz, 69.64 W, 31, 0 %, 1730 MiB
2026/08/03 02:50:02.398, 2542 MHz, 13801 MHz, 71.46 W, 31, 0 %, 1730 MiB
2026/08/03 02:50:07.398, 2550 MHz, 13801 MHz, 70.39 W, 31, 1 %, 1730 MiB
2026/08/03 02:50:12.399, 2542 MHz, 13801 MHz, 70.40 W, 31, 0 %, 1730 MiB
2026/08/03 02:50:17.399, 2542 MHz, 13801 MHz, 70.63 W, 31, 0 %, 1730 MiB
2026/08/03 02:50:22.400, 2542 MHz, 13801 MHz, 69.08 W, 31, 0 %, 1730 MiB
2026/08/03 02:50:27.400, 2542 MHz, 13801 MHz, 71.04 W, 31, 0 %, 1730 MiB
2026/08/03 02:50:32.402, 2542 MHz, 13801 MHz, 70.10 W, 31, 0 %, 1730 MiB
2026/08/03 02:50:37.403, 2542 MHz, 13801 MHz, 68.95 W, 31, 0 %, 1730 MiB
2026/08/03 02:50:42.403, 2542 MHz, 13801 MHz, 69.51 W, 31, 0 %, 1730 MiB
2026/08/03 02:50:47.404, 2542 MHz, 13801 MHz, 70.25 W, 31, 0 %, 1730 MiB
2026/08/03 02:50:52.405, 2542 MHz, 13801 MHz, 68.95 W, 31, 0 %, 1730 MiB
2026/08/03 02:50:57.405, 2542 MHz, 13801 MHz, 70.60 W, 31, 0 %, 1730 MiB
2026/08/03 02:51:02.406, 2542 MHz, 13801 MHz, 69.64 W, 31, 0 %, 1730 MiB
2026/08/03 02:51:07.406, 2542 MHz, 13801 MHz, 69.29 W, 31, 0 %, 1730 MiB
2026/08/03 02:51:12.407, 2542 MHz, 13801 MHz, 70.47 W, 31, 0 %, 1730 MiB
2026/08/03 02:51:17.409, 2542 MHz, 13801 MHz, 68.44 W, 31, 0 %, 1730 MiB
2026/08/03 02:51:22.409, 2542 MHz, 13801 MHz, 70.27 W, 31, 0 %, 1730 MiB
2026/08/03 02:51:27.410, 2542 MHz, 13801 MHz, 70.82 W, 31, 0 %, 1730 MiB
2026/08/03 02:51:32.410, 2542 MHz, 13801 MHz, 69.00 W, 31, 0 %, 1730 MiB
2026/08/03 02:51:37.410, 2542 MHz, 13801 MHz, 70.80 W, 31, 0 %, 1730 MiB
2026/08/03 02:51:42.411, 2542 MHz, 13801 MHz, 70.50 W, 31, 0 %, 1730 MiB
2026/08/03 02:51:47.411, 2542 MHz, 13801 MHz, 69.58 W, 31, 0 %, 1730 MiB
2026/08/03 02:51:52.412, 2542 MHz, 13801 MHz, 70.04 W, 31, 0 %, 1730 MiB
2026/08/03 02:51:57.413, 2542 MHz, 13801 MHz, 70.94 W, 31, 0 %, 1730 MiB
2026/08/03 02:52:02.413, 2542 MHz, 13801 MHz, 70.19 W, 31, 0 %, 1730 MiB
2026/08/03 02:52:07.414, 2542 MHz, 13801 MHz, 69.95 W, 31, 0 %, 1730 MiB
2026/08/03 02:52:12.415, 2542 MHz, 13801 MHz, 69.98 W, 31, 0 %, 1730 MiB
