timestamp,pid,used_gpu_memory_mib
1785625925.498476163,2415310,635
1785625925.498476163,2418383,508
1785625925.498476163,2415327,19
1785625925.498476163,2874859,52
1785625925.850104958,2415310,635
1785625925.850104958,2418383,508
1785625925.850104958,2415327,19
1785625925.850104958,2874859,52
1785625926.188931451,2415310,635
1785625926.188931451,2418383,508
1785625926.188931451,2415327,19
1785625926.188931451,2874859,52
1785625926.530552634,2415310,635
1785625926.530552634,2418383,508
1785625926.530552634,2415327,19
1785625926.530552634,2874859,52
1785625926.903156867,2415310,635
1785625926.903156867,2418383,508
1785625926.903156867,2415327,19
1785625926.903156867,2874859,52
1785625926.903156867,706901,526
1785625927.276954803,2415310,635
1785625927.276954803,2418383,508
1785625927.276954803,2415327,19
1785625927.276954803,2874859,52
1785625927.276954803,706901,526
1785625927.646959028,2415310,635
1785625927.646959028,2418383,508
1785625927.646959028,2415327,19
1785625927.646959028,2874859,52
1785625927.646959028,706901,526
1785625928.033694079,2415310,635
1785625928.033694079,2418383,508
1785625928.033694079,2415327,19
1785625928.033694079,2874859,52
1785625928.033694079,706901,526
1785625928.425302125,2415310,635
1785625928.425302125,2418383,508
1785625928.425302125,2415327,19
1785625928.425302125,2874859,52
1785625928.425302125,706901,534
1785625928.809694125,2415310,635
1785625928.809694125,2418383,508
1785625928.809694125,2415327,19
1785625928.809694125,2874859,52
1785625928.809694125,706901,534
1785625929.124873385,2415310,635
1785625929.124873385,2418383,508
1785625929.124873385,2415327,19
1785625929.124873385,2874859,52
1785625929.124873385,706901,534
1785625929.494101974,2415310,635
1785625929.494101974,2418383,508
1785625929.494101974,2415327,19
1785625929.494101974,2874859,52
1785625929.494101974,706901,534
1785625929.873579817,2415310,635
1785625929.873579817,2418383,508
1785625929.873579817,2415327,19
1785625929.873579817,2874859,52
1785625929.873579817,706901,534
1785625930.237310392,2415310,635
1785625930.237310392,2418383,508
1785625930.237310392,2415327,19
1785625930.237310392,2874859,52
1785625930.237310392,706901,534
1785625930.633297170,2415310,635
1785625930.633297170,2418383,508
1785625930.633297170,2415327,19
1785625930.633297170,2874859,52
1785625930.633297170,706901,534
1785625931.036750740,2415310,635
1785625931.036750740,2418383,508
1785625931.036750740,2415327,19
1785625931.036750740,2874859,52
1785625931.036750740,706901,534
1785625931.410991713,2415310,635
1785625931.410991713,2418383,508
1785625931.410991713,2415327,19
1785625931.410991713,2874859,52
1785625931.410991713,706901,534
1785625931.815063773,2415310,635
1785625931.815063773,2418383,508
1785625931.815063773,2415327,19
1785625931.815063773,2874859,52
1785625931.815063773,706901,534
1785625932.249660874,2415310,635
1785625932.249660874,2418383,508
1785625932.249660874,2415327,19
1785625932.249660874,2874859,52
1785625932.249660874,706901,542
1785625932.638365145,2415310,635
1785625932.638365145,2418383,508
1785625932.638365145,2415327,19
1785625932.638365145,2874859,52
1785625932.638365145,706901,542
1785625933.028181608,2415310,635
1785625933.028181608,2418383,508
1785625933.028181608,2415327,19
1785625933.028181608,2874859,52
1785625933.028181608,706901,542
1785625933.434093904,2415310,635
1785625933.434093904,2418383,508
1785625933.434093904,2415327,19
1785625933.434093904,2874859,52
1785625933.434093904,706901,542
1785625933.857054635,2415310,635
1785625933.857054635,2418383,508
1785625933.857054635,2415327,19
1785625933.857054635,2874859,52
1785625933.857054635,706901,542
1785625934.247703890,2415310,635
1785625934.247703890,2418383,508
1785625934.247703890,2415327,19
1785625934.247703890,2874859,52
1785625934.247703890,706901,542
1785625934.614848546,2415310,635
1785625934.614848546,2418383,508
1785625934.614848546,2415327,19
1785625934.614848546,2874859,52
1785625934.614848546,706901,542
1785625935.033410635,2415310,635
1785625935.033410635,2418383,508
1785625935.033410635,2415327,19
1785625935.033410635,2874859,52
1785625935.033410635,706901,542
1785625935.397545087,2415310,635
1785625935.397545087,2418383,508
1785625935.397545087,2415327,19
1785625935.397545087,2874859,52
1785625935.397545087,706901,542
1785625935.839570854,2415310,635
1785625935.839570854,2418383,508
1785625935.839570854,2415327,19
1785625935.839570854,2874859,52
1785625935.839570854,706901,544
1785625936.272023391,2415310,635
1785625936.272023391,2418383,508
1785625936.272023391,2415327,19
1785625936.272023391,2874859,52
1785625936.272023391,706901,544
1785625936.631444519,2415310,635
1785625936.631444519,2418383,508
1785625936.631444519,2415327,19
1785625936.631444519,2874859,52
1785625936.631444519,706901,544
1785625937.010304193,2415310,635
1785625937.010304193,2418383,508
1785625937.010304193,2415327,19
1785625937.010304193,2874859,52
1785625937.010304193,706901,544
1785625937.393174636,2415310,635
1785625937.393174636,2418383,508
1785625937.393174636,2415327,19
1785625937.393174636,2874859,52
1785625937.393174636,706901,544
1785625937.393174636,709153,508
1785625937.819247785,2415310,635
1785625937.819247785,2418383,508
1785625937.819247785,2415327,19
1785625937.819247785,2874859,52
1785625937.819247785,706901,544
1785625937.819247785,709153,526
1785625938.267435132,2415310,635
1785625938.267435132,2418383,508
1785625938.267435132,2415327,19
1785625938.267435132,2874859,52
1785625938.267435132,706901,544
1785625938.267435132,709153,526
1785625938.620469600,2415310,635
1785625938.620469600,2418383,508
1785625938.620469600,2415327,19
1785625938.620469600,2874859,52
1785625938.620469600,706901,544
1785625938.620469600,709153,526
1785625939.028686060,2415310,635
1785625939.028686060,2418383,508
1785625939.028686060,2415327,19
1785625939.028686060,2874859,52
1785625939.028686060,706901,544
1785625939.028686060,709153,532
1785625939.436701447,2415310,635
1785625939.436701447,2418383,508
1785625939.436701447,2415327,19
1785625939.436701447,2874859,52
1785625939.436701447,706901,544
1785625939.436701447,709153,534
1785625939.836307755,2415310,635
1785625939.836307755,2418383,508
1785625939.836307755,2415327,19
1785625939.836307755,2874859,52
1785625939.836307755,706901,544
1785625939.836307755,709153,534
1785625940.205125285,2415310,635
1785625940.205125285,2418383,508
1785625940.205125285,2415327,19
1785625940.205125285,2874859,52
1785625940.205125285,706901,544
1785625940.205125285,709153,534
1785625940.669666253,2415310,635
1785625940.669666253,2418383,508
1785625940.669666253,2415327,19
1785625940.669666253,2874859,52
1785625940.669666253,706901,544
1785625940.669666253,709153,534
1785625941.061721601,2415310,635
1785625941.061721601,2418383,508
1785625941.061721601,2415327,19
1785625941.061721601,2874859,52
1785625941.061721601,706901,544
1785625941.061721601,709153,534
1785625941.498749566,2415310,635
1785625941.498749566,2418383,508
1785625941.498749566,2415327,19
1785625941.498749566,2874859,52
1785625941.498749566,706901,544
1785625941.498749566,709153,534
1785625941.917855512,2415310,635
1785625941.917855512,2418383,508
1785625941.917855512,2415327,19
1785625941.917855512,2874859,52
1785625941.917855512,706901,544
1785625941.917855512,709153,534
1785625942.274706256,2415310,635
1785625942.274706256,2418383,508
1785625942.274706256,2415327,19
1785625942.274706256,2874859,52
1785625942.274706256,706901,544
1785625942.274706256,709153,534
1785625942.680437350,2415310,635
1785625942.680437350,2418383,508
1785625942.680437350,2415327,19
1785625942.680437350,2874859,52
1785625942.680437350,706901,544
1785625942.680437350,709153,534
1785625943.112124277,2415310,635
1785625943.112124277,2418383,508
1785625943.112124277,2415327,19
1785625943.112124277,2874859,52
1785625943.112124277,706901,544
1785625943.112124277,709153,542
1785625943.534312066,2415310,635
1785625943.534312066,2418383,508
1785625943.534312066,2415327,19
1785625943.534312066,2874859,52
1785625943.534312066,706901,544
1785625943.534312066,709153,542
1785625943.890702137,2415310,635
1785625943.890702137,2418383,508
1785625943.890702137,2415327,19
1785625943.890702137,2874859,52
1785625943.890702137,706901,544
1785625943.890702137,709153,542
1785625944.269430124,2415310,635
1785625944.269430124,2418383,508
1785625944.269430124,2415327,19
1785625944.269430124,2874859,52
1785625944.269430124,706901,544
1785625944.269430124,709153,542
1785625944.690242285,2415310,635
1785625944.690242285,2418383,508
1785625944.690242285,2415327,19
1785625944.690242285,2874859,52
1785625944.690242285,706901,544
1785625944.690242285,709153,542
1785625945.090356176,2415310,635
1785625945.090356176,2418383,508
1785625945.090356176,2415327,19
1785625945.090356176,2874859,52
1785625945.090356176,706901,544
1785625945.090356176,709153,542
1785625945.465182799,2415310,635
1785625945.465182799,2418383,508
1785625945.465182799,2415327,19
1785625945.465182799,2874859,52
1785625945.465182799,706901,544
1785625945.465182799,709153,542
1785625945.901432073,2415310,635
1785625945.901432073,2418383,508
1785625945.901432073,2415327,19
1785625945.901432073,2874859,52
1785625945.901432073,706901,544
1785625945.901432073,709153,542
1785625946.310009545,2415310,635
1785625946.310009545,2418383,508
1785625946.310009545,2415327,19
1785625946.310009545,2874859,52
1785625946.310009545,706901,544
1785625946.310009545,709153,544
1785625946.724691392,2415310,635
1785625946.724691392,2418383,508
1785625946.724691392,2415327,19
1785625946.724691392,2874859,52
1785625946.724691392,706901,544
1785625946.724691392,709153,544
1785625947.150223036,2415310,635
1785625947.150223036,2418383,508
1785625947.150223036,2415327,19
1785625947.150223036,2874859,52
1785625947.150223036,706901,544
1785625947.150223036,709153,544
1785625947.539063743,2415310,635
1785625947.539063743,2418383,508
1785625947.539063743,2415327,19
1785625947.539063743,2874859,52
1785625947.539063743,706901,544
1785625947.539063743,709153,544
1785625947.945378414,2415310,635
1785625947.945378414,2418383,508
1785625947.945378414,2415327,19
1785625947.945378414,2874859,52
1785625947.945378414,706901,544
1785625947.945378414,709153,544
1785625948.352787880,2415310,635
1785625948.352787880,2418383,508
1785625948.352787880,2415327,19
1785625948.352787880,2874859,52
1785625948.352787880,706901,544
1785625948.352787880,709153,544
1785625948.745380136,2415310,635
1785625948.745380136,2418383,508
1785625948.745380136,2415327,19
1785625948.745380136,2874859,52
1785625948.745380136,706901,544
1785625948.745380136,709153,544
1785625949.081721443,2415310,635
1785625949.081721443,2418383,508
1785625949.081721443,2415327,19
1785625949.081721443,2874859,52
1785625949.081721443,706901,544
1785625949.081721443,709153,544
1785625949.444454148,2415310,635
1785625949.444454148,2418383,508
1785625949.444454148,2415327,19
1785625949.444454148,2874859,52
1785625949.444454148,706901,544
1785625949.444454148,709153,544
1785625949.833376918,2415310,635
1785625949.833376918,2418383,508
1785625949.833376918,2415327,19
1785625949.833376918,2874859,52
1785625949.833376918,706901,544
1785625949.833376918,709153,544
1785625950.198719586,2415310,635
1785625950.198719586,2418383,508
1785625950.198719586,2415327,19
1785625950.198719586,2874859,52
1785625950.198719586,706901,544
1785625950.198719586,709153,544
1785625950.603814744,2415310,635
1785625950.603814744,2418383,508
1785625950.603814744,2415327,19
1785625950.603814744,2874859,52
1785625950.603814744,706901,544
1785625950.603814744,709153,546
1785625951.038426827,2415310,635
1785625951.038426827,2418383,508
1785625951.038426827,2415327,19
1785625951.038426827,2874859,52
1785625951.038426827,706901,544
1785625951.038426827,709153,546
1785625951.455511636,2415310,635
1785625951.455511636,2418383,508
1785625951.455511636,2415327,19
1785625951.455511636,2874859,52
1785625951.455511636,706901,544
1785625951.455511636,709153,546
1785625951.925143175,2415310,635
1785625951.925143175,2418383,508
1785625951.925143175,2415327,19
1785625951.925143175,2874859,52
1785625951.925143175,706901,544
1785625951.925143175,709153,546
1785625952.287447887,2415310,635
1785625952.287447887,2418383,508
1785625952.287447887,2415327,19
1785625952.287447887,2874859,52
1785625952.287447887,706901,544
1785625952.287447887,709153,548
1785625952.668947199,2415310,635
1785625952.668947199,2418383,508
1785625952.668947199,2415327,19
1785625952.668947199,2874859,52
1785625952.668947199,706901,544
1785625952.668947199,709153,548
1785625953.087289638,2415310,635
1785625953.087289638,2418383,508
1785625953.087289638,2415327,19
1785625953.087289638,2874859,52
1785625953.087289638,706901,544
1785625953.087289638,709153,548
1785625953.481056839,2415310,635
1785625953.481056839,2418383,508
1785625953.481056839,2415327,19
1785625953.481056839,2874859,52
1785625953.481056839,706901,544
1785625953.481056839,709153,548
1785625953.876554311,2415310,635
1785625953.876554311,2418383,508
1785625953.876554311,2415327,19
1785625953.876554311,2874859,52
1785625953.876554311,706901,544
1785625953.876554311,709153,548
1785625954.289486559,2415310,635
1785625954.289486559,2418383,508
1785625954.289486559,2415327,19
1785625954.289486559,2874859,52
1785625954.289486559,706901,544
1785625954.289486559,709153,548
1785625954.710439151,2415310,635
1785625954.710439151,2418383,508
1785625954.710439151,2415327,19
1785625954.710439151,2874859,52
1785625954.710439151,706901,544
1785625954.710439151,709153,546
1785625955.109202141,2415310,635
1785625955.109202141,2418383,508
1785625955.109202141,2415327,19
1785625955.109202141,2874859,52
1785625955.109202141,706901,544
1785625955.109202141,709153,546
1785625955.515411444,2415310,635
1785625955.515411444,2418383,508
1785625955.515411444,2415327,19
1785625955.515411444,2874859,52
1785625955.515411444,706901,544
1785625955.515411444,709153,546
1785625955.921246333,2415310,635
1785625955.921246333,2418383,508
1785625955.921246333,2415327,19
1785625955.921246333,2874859,52
1785625955.921246333,706901,544
1785625955.921246333,709153,546
1785625956.330513622,2415310,635
1785625956.330513622,2418383,508
1785625956.330513622,2415327,19
1785625956.330513622,2874859,52
1785625956.330513622,706901,544
1785625956.330513622,709153,546
1785625956.686367768,2415310,635
1785625956.686367768,2418383,508
1785625956.686367768,2415327,19
1785625956.686367768,2874859,52
1785625956.686367768,706901,544
1785625956.686367768,709153,546
1785625957.074025236,2415310,635
1785625957.074025236,2418383,508
1785625957.074025236,2415327,19
1785625957.074025236,2874859,52
1785625957.074025236,706901,544
1785625957.074025236,709153,546
1785625957.479831042,2415310,635
1785625957.479831042,2418383,508
1785625957.479831042,2415327,19
1785625957.479831042,2874859,52
1785625957.479831042,706901,544
1785625957.479831042,709153,546
1785625957.877685026,2415310,635
1785625957.877685026,2418383,508
1785625957.877685026,2415327,19
1785625957.877685026,2874859,52
1785625957.877685026,706901,544
1785625957.877685026,709153,546
1785625958.263306664,2415310,635
1785625958.263306664,2418383,508
1785625958.263306664,2415327,19
1785625958.263306664,2874859,52
1785625958.263306664,706901,544
1785625958.263306664,709153,546
1785625958.652348724,2415310,635
1785625958.652348724,2418383,508
1785625958.652348724,2415327,19
1785625958.652348724,2874859,52
1785625958.652348724,706901,544
1785625958.652348724,709153,546
1785625959.015243122,2415310,635
1785625959.015243122,2418383,508
1785625959.015243122,2415327,19
1785625959.015243122,2874859,52
1785625959.015243122,706901,544
1785625959.015243122,709153,546
1785625959.427731071,2415310,635
1785625959.427731071,2418383,508
1785625959.427731071,2415327,19
1785625959.427731071,2874859,52
1785625959.427731071,706901,544
1785625959.427731071,709153,546
1785625959.837471301,2415310,635
1785625959.837471301,2418383,508
1785625959.837471301,2415327,19
1785625959.837471301,2874859,52
1785625959.837471301,706901,544
1785625959.837471301,709153,546
1785625960.257380114,2415310,635
1785625960.257380114,2418383,508
1785625960.257380114,2415327,19
1785625960.257380114,2874859,52
1785625960.257380114,706901,544
1785625960.257380114,709153,546
1785625960.639417595,2415310,635
1785625960.639417595,2418383,508
1785625960.639417595,2415327,19
1785625960.639417595,2874859,52
1785625960.639417595,706901,544
1785625960.639417595,709153,546
1785625961.094452705,2415310,635
1785625961.094452705,2418383,508
1785625961.094452705,2415327,19
1785625961.094452705,2874859,52
1785625961.094452705,706901,544
1785625961.094452705,709153,546
1785625961.501631465,2415310,635
1785625961.501631465,2418383,508
1785625961.501631465,2415327,19
1785625961.501631465,2874859,52
1785625961.501631465,706901,544
1785625961.501631465,709153,546
1785625961.899432740,2415310,635
1785625961.899432740,2418383,508
1785625961.899432740,2415327,19
1785625961.899432740,2874859,52
1785625961.899432740,706901,544
1785625961.899432740,709153,546
1785625962.326723759,2415310,635
1785625962.326723759,2418383,508
1785625962.326723759,2415327,19
1785625962.326723759,2874859,52
1785625962.326723759,706901,544
1785625962.326723759,709153,546
1785625962.709019989,2415310,635
1785625962.709019989,2418383,508
1785625962.709019989,2415327,19
1785625962.709019989,2874859,52
1785625962.709019989,706901,544
1785625962.709019989,709153,546
1785625963.113373262,2415310,635
1785625963.113373262,2418383,508
1785625963.113373262,2415327,19
1785625963.113373262,2874859,52
1785625963.113373262,706901,544
1785625963.113373262,709153,546
1785625963.518051483,2415310,635
1785625963.518051483,2418383,508
1785625963.518051483,2415327,19
1785625963.518051483,2874859,52
1785625963.518051483,706901,544
1785625963.518051483,709153,546
1785625963.928401228,2415310,635
1785625963.928401228,2418383,508
1785625963.928401228,2415327,19
1785625963.928401228,2874859,52
1785625963.928401228,706901,544
1785625963.928401228,709153,546
1785625964.327332742,2415310,635
1785625964.327332742,2418383,508
1785625964.327332742,2415327,19
1785625964.327332742,2874859,52
1785625964.327332742,706901,544
1785625964.327332742,709153,546
1785625964.750693434,2415310,635
1785625964.750693434,2418383,508
1785625964.750693434,2415327,19
1785625964.750693434,2874859,52
1785625964.750693434,706901,544
1785625964.750693434,709153,546
1785625965.140389056,2415310,635
1785625965.140389056,2418383,508
1785625965.140389056,2415327,19
1785625965.140389056,2874859,52
1785625965.140389056,706901,544
1785625965.140389056,709153,546
1785625965.570061935,2415310,635
1785625965.570061935,2418383,508
1785625965.570061935,2415327,19
1785625965.570061935,2874859,52
1785625965.570061935,706901,544
1785625965.570061935,709153,546
1785625965.946291596,2415310,635
1785625965.946291596,2418383,508
1785625965.946291596,2415327,19
1785625965.946291596,2874859,52
1785625965.946291596,706901,544
1785625965.946291596,709153,546
1785625966.336022671,2415310,635
1785625966.336022671,2418383,508
1785625966.336022671,2415327,19
1785625966.336022671,2874859,52
1785625966.336022671,706901,544
1785625966.336022671,709153,546
1785625966.751415286,2415310,635
1785625966.751415286,2418383,508
1785625966.751415286,2415327,19
1785625966.751415286,2874859,52
1785625966.751415286,706901,544
1785625966.751415286,709153,546
1785625967.193291588,2415310,635
1785625967.193291588,2418383,508
1785625967.193291588,2415327,19
1785625967.193291588,2874859,52
1785625967.193291588,706901,544
1785625967.193291588,709153,546
1785625967.566008630,2415310,635
1785625967.566008630,2418383,508
1785625967.566008630,2415327,19
1785625967.566008630,2874859,52
1785625967.566008630,706901,544
1785625967.566008630,709153,546
1785625967.979412356,2415310,635
1785625967.979412356,2418383,508
1785625967.979412356,2415327,19
1785625967.979412356,2874859,52
1785625967.979412356,706901,544
1785625967.979412356,709153,546
1785625968.418188718,2415310,635
1785625968.418188718,2418383,508
1785625968.418188718,2415327,19
1785625968.418188718,2874859,52
1785625968.418188718,706901,544
1785625968.418188718,709153,546
1785625968.804155075,2415310,635
1785625968.804155075,2418383,508
1785625968.804155075,2415327,19
1785625968.804155075,2874859,52
1785625968.804155075,706901,544
1785625968.804155075,709153,546
1785625969.206628362,2415310,635
1785625969.206628362,2418383,508
1785625969.206628362,2415327,19
1785625969.206628362,2874859,52
1785625969.206628362,706901,544
1785625969.206628362,709153,546
1785625969.598548807,2415310,635
1785625969.598548807,2418383,508
1785625969.598548807,2415327,19
1785625969.598548807,2874859,52
1785625969.598548807,706901,544
1785625969.598548807,709153,546
1785625970.029919479,2415310,635
1785625970.029919479,2418383,508
1785625970.029919479,2415327,19
1785625970.029919479,2874859,52
1785625970.029919479,706901,544
1785625970.029919479,709153,564
1785625970.390459838,2415310,635
1785625970.390459838,2418383,508
1785625970.390459838,2415327,19
1785625970.390459838,2874859,52
1785625970.390459838,706901,544
1785625970.390459838,709153,546
1785625970.800626739,2415310,635
1785625970.800626739,2418383,508
1785625970.800626739,2415327,19
1785625970.800626739,2874859,52
1785625970.800626739,706901,544
1785625970.800626739,709153,906
1785625971.196315970,2415310,635
1785625971.196315970,2418383,508
1785625971.196315970,2415327,19
1785625971.196315970,2874859,52
1785625971.196315970,706901,544
1785625971.196315970,709153,906
1785625971.612449158,2415310,635
1785625971.612449158,2418383,508
1785625971.612449158,2415327,19
1785625971.612449158,2874859,52
1785625971.612449158,706901,544
1785625971.612449158,709153,906
1785625972.021284688,2415310,635
1785625972.021284688,2418383,508
1785625972.021284688,2415327,19
1785625972.021284688,2874859,52
1785625972.021284688,706901,544
1785625972.021284688,709153,906
1785625972.416681559,2415310,635
1785625972.416681559,2418383,508
1785625972.416681559,2415327,19
1785625972.416681559,2874859,52
1785625972.416681559,706901,544
1785625972.416681559,709153,906
1785625972.840657295,2415310,635
1785625972.840657295,2418383,508
1785625972.840657295,2415327,19
1785625972.840657295,2874859,52
1785625972.840657295,706901,544
1785625972.840657295,709153,906
1785625973.321912265,2415310,635
1785625973.321912265,2418383,508
1785625973.321912265,2415327,19
1785625973.321912265,2874859,52
1785625973.321912265,706901,544
1785625973.321912265,709153,906
1785625973.798625848,2415310,635
1785625973.798625848,2418383,508
1785625973.798625848,2415327,19
1785625973.798625848,2874859,52
1785625973.798625848,706901,544
1785625973.798625848,709153,906
1785625974.221853751,2415310,635
1785625974.221853751,2418383,508
1785625974.221853751,2415327,19
1785625974.221853751,2874859,52
1785625974.221853751,706901,544
1785625974.221853751,709153,906
1785625974.628258417,2415310,635
1785625974.628258417,2418383,508
1785625974.628258417,2415327,19
1785625974.628258417,2874859,52
1785625974.628258417,706901,544
1785625974.628258417,709153,906
1785625975.007819796,2415310,635
1785625975.007819796,2418383,508
1785625975.007819796,2415327,19
1785625975.007819796,2874859,52
1785625975.007819796,706901,544
1785625975.007819796,709153,906
1785625975.418290193,2415310,635
1785625975.418290193,2418383,508
1785625975.418290193,2415327,19
1785625975.418290193,2874859,52
1785625975.418290193,706901,544
1785625975.418290193,709153,906
1785625975.811669822,2415310,635
1785625975.811669822,2418383,508
1785625975.811669822,2415327,19
1785625975.811669822,2874859,52
1785625975.811669822,706901,544
1785625975.811669822,709153,906
1785625976.230481276,2415310,635
1785625976.230481276,2418383,508
1785625976.230481276,2415327,19
1785625976.230481276,2874859,52
1785625976.230481276,706901,544
1785625976.230481276,709153,930
1785625976.646776718,2415310,635
1785625976.646776718,2418383,508
1785625976.646776718,2415327,19
1785625976.646776718,2874859,52
1785625976.646776718,706901,544
1785625976.646776718,709153,930
1785625977.066827175,2415310,635
1785625977.066827175,2418383,508
1785625977.066827175,2415327,19
1785625977.066827175,2874859,52
1785625977.066827175,706901,544
1785625977.066827175,709153,930
1785625977.469467804,2415310,635
1785625977.469467804,2418383,508
1785625977.469467804,2415327,19
1785625977.469467804,2874859,52
1785625977.469467804,706901,544
1785625977.469467804,709153,930
1785625977.907964635,2415310,635
1785625977.907964635,2418383,508
1785625977.907964635,2415327,19
1785625977.907964635,2874859,52
1785625977.907964635,706901,544
1785625977.907964635,709153,930
1785625978.326366274,2415310,635
1785625978.326366274,2418383,508
1785625978.326366274,2415327,19
1785625978.326366274,2874859,52
1785625978.326366274,706901,544
1785625978.326366274,709153,930
1785625978.729781537,2415310,635
1785625978.729781537,2418383,508
1785625978.729781537,2415327,19
1785625978.729781537,2874859,52
1785625978.729781537,706901,544
1785625978.729781537,709153,930
1785625979.102910147,2415310,635
1785625979.102910147,2418383,508
1785625979.102910147,2415327,19
1785625979.102910147,2874859,52
1785625979.102910147,706901,544
1785625979.102910147,709153,930
1785625979.495842774,2415310,635
1785625979.495842774,2418383,508
1785625979.495842774,2415327,19
1785625979.495842774,2874859,52
1785625979.495842774,706901,544
1785625979.495842774,709153,930
1785625979.913552462,2415310,635
1785625979.913552462,2418383,508
1785625979.913552462,2415327,19
1785625979.913552462,2874859,52
1785625979.913552462,706901,544
1785625979.913552462,709153,930
1785625980.350178592,2415310,635
1785625980.350178592,2418383,508
1785625980.350178592,2415327,19
1785625980.350178592,2874859,52
1785625980.350178592,706901,544
1785625980.350178592,709153,930
1785625980.766621123,2415310,635
1785625980.766621123,2418383,508
1785625980.766621123,2415327,19
1785625980.766621123,2874859,52
1785625980.766621123,706901,544
1785625980.766621123,709153,930
1785625981.186509586,2415310,635
1785625981.186509586,2418383,508
1785625981.186509586,2415327,19
1785625981.186509586,2874859,52
1785625981.186509586,706901,544
1785625981.186509586,709153,930
1785625981.585345215,2415310,635
1785625981.585345215,2418383,508
1785625981.585345215,2415327,19
1785625981.585345215,2874859,52
1785625981.585345215,706901,544
1785625981.585345215,709153,930
1785625981.983102153,2415310,635
1785625981.983102153,2418383,508
1785625981.983102153,2415327,19
1785625981.983102153,2874859,52
1785625981.983102153,706901,544
1785625981.983102153,709153,930
1785625982.401303660,2415310,635
1785625982.401303660,2418383,508
1785625982.401303660,2415327,19
1785625982.401303660,2874859,52
1785625982.401303660,706901,544
1785625982.401303660,709153,930
1785625982.779133016,2415310,635
1785625982.779133016,2418383,508
1785625982.779133016,2415327,19
1785625982.779133016,2874859,52
1785625982.779133016,706901,544
1785625982.779133016,709153,930
1785625983.193080509,2415310,635
1785625983.193080509,2418383,508
1785625983.193080509,2415327,19
1785625983.193080509,2874859,52
1785625983.193080509,706901,544
1785625983.193080509,709153,930
1785625983.585494016,2415310,635
1785625983.585494016,2418383,508
1785625983.585494016,2415327,19
1785625983.585494016,2874859,52
1785625983.585494016,706901,544
1785625983.585494016,709153,930
1785625984.033722275,2415310,635
1785625984.033722275,2418383,508
1785625984.033722275,2415327,19
1785625984.033722275,2874859,52
1785625984.033722275,706901,544
1785625984.033722275,709153,930
1785625984.457508346,2415310,635
1785625984.457508346,2418383,508
1785625984.457508346,2415327,19
1785625984.457508346,2874859,52
1785625984.457508346,706901,544
1785625984.457508346,709153,930
1785625984.871780858,2415310,635
1785625984.871780858,2418383,508
1785625984.871780858,2415327,19
1785625984.871780858,2874859,52
1785625984.871780858,706901,544
1785625984.871780858,709153,930
1785625985.276051697,2415310,635
1785625985.276051697,2418383,508
1785625985.276051697,2415327,19
1785625985.276051697,2874859,52
1785625985.276051697,706901,544
1785625985.276051697,709153,930
1785625985.635473816,2415310,635
1785625985.635473816,2418383,508
1785625985.635473816,2415327,19
1785625985.635473816,2874859,52
1785625985.635473816,706901,544
1785625985.635473816,709153,930
1785625986.032875921,2415310,635
1785625986.032875921,2418383,508
1785625986.032875921,2415327,19
1785625986.032875921,2874859,52
1785625986.032875921,706901,544
1785625986.032875921,709153,930
1785625986.431419421,2415310,635
1785625986.431419421,2418383,508
1785625986.431419421,2415327,19
1785625986.431419421,2874859,52
1785625986.431419421,706901,544
1785625986.431419421,709153,930
1785625986.851435285,2415310,635
1785625986.851435285,2418383,508
1785625986.851435285,2415327,19
1785625986.851435285,2874859,52
1785625986.851435285,706901,544
1785625986.851435285,709153,930
1785625987.243110903,2415310,635
1785625987.243110903,2418383,508
1785625987.243110903,2415327,19
1785625987.243110903,2874859,52
1785625987.243110903,706901,544
1785625987.243110903,709153,930
1785625987.603391212,2415310,635
1785625987.603391212,2418383,508
1785625987.603391212,2415327,19
1785625987.603391212,2874859,52
1785625987.603391212,706901,544
1785625987.603391212,709153,930
1785625988.009015155,2415310,635
1785625988.009015155,2418383,508
1785625988.009015155,2415327,19
1785625988.009015155,2874859,52
1785625988.009015155,706901,544
1785625988.009015155,709153,930
1785625988.383828427,2415310,635
1785625988.383828427,2418383,508
1785625988.383828427,2415327,19
1785625988.383828427,2874859,52
1785625988.383828427,706901,544
1785625988.383828427,709153,930
1785625988.813921178,2415310,635
1785625988.813921178,2418383,508
1785625988.813921178,2415327,19
1785625988.813921178,2874859,52
1785625988.813921178,706901,544
1785625988.813921178,709153,930
1785625989.245989397,2415310,635
1785625989.245989397,2418383,508
1785625989.245989397,2415327,19
1785625989.245989397,2874859,52
1785625989.245989397,706901,544
1785625989.245989397,709153,930
1785625989.653749551,2415310,635
1785625989.653749551,2418383,508
1785625989.653749551,2415327,19
1785625989.653749551,2874859,52
1785625989.653749551,706901,544
1785625989.653749551,709153,930
1785625990.061092207,2415310,635
1785625990.061092207,2418383,508
1785625990.061092207,2415327,19
1785625990.061092207,2874859,52
1785625990.061092207,706901,544
1785625990.061092207,709153,930
1785625990.470259966,2415310,635
1785625990.470259966,2418383,508
1785625990.470259966,2415327,19
1785625990.470259966,2874859,52
1785625990.470259966,706901,544
1785625990.470259966,709153,930
1785625990.873675469,2415310,635
1785625990.873675469,2418383,508
1785625990.873675469,2415327,19
1785625990.873675469,2874859,52
1785625990.873675469,706901,544
1785625990.873675469,709153,930
1785625991.315020753,2415310,635
1785625991.315020753,2418383,508
1785625991.315020753,2415327,19
1785625991.315020753,2874859,52
1785625991.315020753,706901,544
1785625991.315020753,709153,930
1785625991.721232809,2415310,635
1785625991.721232809,2418383,508
1785625991.721232809,2415327,19
1785625991.721232809,2874859,52
1785625991.721232809,706901,544
1785625991.721232809,709153,930
1785625992.072375604,2415310,635
1785625992.072375604,2418383,508
1785625992.072375604,2415327,19
1785625992.072375604,2874859,52
1785625992.072375604,706901,544
1785625992.072375604,709153,930
1785625992.475369664,2415310,635
1785625992.475369664,2418383,508
1785625992.475369664,2415327,19
1785625992.475369664,2874859,52
1785625992.475369664,706901,544
1785625992.475369664,709153,930
1785625992.882899311,2415310,635
1785625992.882899311,2418383,508
1785625992.882899311,2415327,19
1785625992.882899311,2874859,52
1785625992.882899311,706901,544
1785625992.882899311,709153,930
1785625993.293345251,2415310,635
1785625993.293345251,2418383,508
1785625993.293345251,2415327,19
1785625993.293345251,2874859,52
1785625993.293345251,706901,544
1785625993.293345251,709153,930
1785625993.683268034,2415310,635
1785625993.683268034,2418383,508
1785625993.683268034,2415327,19
1785625993.683268034,2874859,52
1785625993.683268034,706901,544
1785625993.683268034,709153,930
1785625994.045793628,2415310,635
1785625994.045793628,2418383,508
1785625994.045793628,2415327,19
1785625994.045793628,2874859,52
1785625994.045793628,706901,544
1785625994.045793628,709153,930
1785625994.450701133,2415310,635
1785625994.450701133,2418383,508
1785625994.450701133,2415327,19
1785625994.450701133,2874859,52
1785625994.450701133,706901,544
1785625994.450701133,709153,930
1785625994.870182845,2415310,635
1785625994.870182845,2418383,508
1785625994.870182845,2415327,19
1785625994.870182845,2874859,52
1785625994.870182845,706901,544
1785625994.870182845,709153,930
1785625995.294603059,2415310,635
1785625995.294603059,2418383,508
1785625995.294603059,2415327,19
1785625995.294603059,2874859,52
1785625995.294603059,706901,544
1785625995.294603059,709153,930
1785625995.737769389,2415310,635
1785625995.737769389,2418383,508
1785625995.737769389,2415327,19
1785625995.737769389,2874859,52
1785625995.737769389,706901,544
1785625995.737769389,709153,930
1785625996.187568188,2415310,635
1785625996.187568188,2418383,508
1785625996.187568188,2415327,19
1785625996.187568188,2874859,52
1785625996.187568188,706901,544
1785625996.187568188,709153,930
1785625996.596103006,2415310,635
1785625996.596103006,2418383,508
1785625996.596103006,2415327,19
1785625996.596103006,2874859,52
1785625996.596103006,706901,544
1785625996.596103006,709153,930
1785625996.998303914,2415310,635
1785625996.998303914,2418383,508
1785625996.998303914,2415327,19
1785625996.998303914,2874859,52
1785625996.998303914,706901,544
1785625996.998303914,709153,930
1785625997.368604243,2415310,635
1785625997.368604243,2418383,508
1785625997.368604243,2415327,19
1785625997.368604243,2874859,52
1785625997.368604243,706901,544
1785625997.368604243,709153,930
1785625997.755834098,2415310,635
1785625997.755834098,2418383,508
1785625997.755834098,2415327,19
1785625997.755834098,2874859,52
1785625997.755834098,706901,544
1785625997.755834098,709153,930
1785625998.151102957,2415310,635
1785625998.151102957,2418383,508
1785625998.151102957,2415327,19
1785625998.151102957,2874859,52
1785625998.151102957,706901,544
1785625998.151102957,709153,930
1785625998.577373282,2415310,635
1785625998.577373282,2418383,508
1785625998.577373282,2415327,19
1785625998.577373282,2874859,52
1785625998.577373282,706901,544
1785625998.577373282,709153,930
1785625998.980590978,2415310,635
1785625998.980590978,2418383,508
1785625998.980590978,2415327,19
1785625998.980590978,2874859,52
1785625998.980590978,706901,544
1785625998.980590978,709153,930
1785625999.447268738,2415310,635
1785625999.447268738,2418383,508
1785625999.447268738,2415327,19
1785625999.447268738,2874859,52
1785625999.447268738,706901,544
1785625999.447268738,709153,930
1785625999.835272256,2415310,635
1785625999.835272256,2418383,508
1785625999.835272256,2415327,19
1785625999.835272256,2874859,52
1785625999.835272256,706901,544
1785625999.835272256,709153,930
1785626000.252181501,2415310,635
1785626000.252181501,2418383,508
1785626000.252181501,2415327,19
1785626000.252181501,2874859,52
1785626000.252181501,706901,544
1785626000.252181501,709153,930
1785626000.670794677,2415310,635
1785626000.670794677,2418383,508
1785626000.670794677,2415327,19
1785626000.670794677,2874859,52
1785626000.670794677,706901,544
1785626000.670794677,709153,930
1785626001.071620708,2415310,635
1785626001.071620708,2418383,508
1785626001.071620708,2415327,19
1785626001.071620708,2874859,52
1785626001.071620708,706901,544
1785626001.071620708,709153,930
1785626001.473824510,2415310,635
1785626001.473824510,2418383,508
1785626001.473824510,2415327,19
1785626001.473824510,2874859,52
1785626001.473824510,706901,544
1785626001.473824510,709153,930
1785626001.932733322,2415310,635
1785626001.932733322,2418383,508
1785626001.932733322,2415327,19
1785626001.932733322,2874859,52
1785626001.932733322,706901,544
1785626001.932733322,709153,930
1785626002.348505699,2415310,635
1785626002.348505699,2418383,508
1785626002.348505699,2415327,19
1785626002.348505699,2874859,52
1785626002.348505699,706901,544
1785626002.348505699,709153,930
1785626002.714839606,2415310,635
1785626002.714839606,2418383,508
1785626002.714839606,2415327,19
1785626002.714839606,2874859,52
1785626002.714839606,706901,544
1785626002.714839606,709153,930
1785626003.114328288,2415310,635
1785626003.114328288,2418383,508
1785626003.114328288,2415327,19
1785626003.114328288,2874859,52
1785626003.114328288,706901,544
1785626003.114328288,709153,930
1785626003.449587138,2415310,635
1785626003.449587138,2418383,508
1785626003.449587138,2415327,19
1785626003.449587138,2874859,52
1785626003.449587138,706901,544
1785626003.449587138,709153,930
1785626003.849162179,2415310,635
1785626003.849162179,2418383,508
1785626003.849162179,2415327,19
1785626003.849162179,2874859,52
1785626003.849162179,706901,544
1785626003.849162179,709153,930
1785626004.286651807,2415310,635
1785626004.286651807,2418383,508
1785626004.286651807,2415327,19
1785626004.286651807,2874859,52
1785626004.286651807,706901,544
1785626004.286651807,709153,930
1785626004.668667255,2415310,635
1785626004.668667255,2418383,508
1785626004.668667255,2415327,19
1785626004.668667255,2874859,52
1785626004.668667255,706901,544
1785626004.668667255,709153,930
1785626005.104646473,2415310,635
1785626005.104646473,2418383,508
1785626005.104646473,2415327,19
1785626005.104646473,2874859,52
1785626005.104646473,706901,544
1785626005.104646473,709153,930
1785626005.477389394,2415310,635
1785626005.477389394,2418383,508
1785626005.477389394,2415327,19
1785626005.477389394,2874859,52
1785626005.477389394,706901,544
1785626005.477389394,709153,930
1785626005.896470013,2415310,635
1785626005.896470013,2418383,508
1785626005.896470013,2415327,19
1785626005.896470013,2874859,52
1785626005.896470013,706901,544
1785626005.896470013,709153,930
1785626006.288843479,2415310,635
1785626006.288843479,2418383,508
1785626006.288843479,2415327,19
1785626006.288843479,2874859,52
1785626006.288843479,706901,544
1785626006.288843479,709153,930
1785626006.657577815,2415310,635
1785626006.657577815,2418383,508
1785626006.657577815,2415327,19
1785626006.657577815,2874859,52
1785626006.657577815,706901,544
1785626006.657577815,709153,930
1785626007.041102221,2415310,635
1785626007.041102221,2418383,508
1785626007.041102221,2415327,19
1785626007.041102221,2874859,52
1785626007.041102221,706901,544
1785626007.041102221,709153,930
1785626007.417936100,2415310,635
1785626007.417936100,2418383,508
1785626007.417936100,2415327,19
1785626007.417936100,2874859,52
1785626007.417936100,706901,544
1785626007.417936100,709153,930
1785626007.835565108,2415310,635
1785626007.835565108,2418383,508
1785626007.835565108,2415327,19
1785626007.835565108,2874859,52
1785626007.835565108,706901,544
1785626007.835565108,709153,930
1785626008.235883886,2415310,635
1785626008.235883886,2418383,508
1785626008.235883886,2415327,19
1785626008.235883886,2874859,52
1785626008.235883886,706901,544
1785626008.235883886,709153,930
1785626008.639392550,2415310,635
1785626008.639392550,2418383,508
1785626008.639392550,2415327,19
1785626008.639392550,2874859,52
1785626008.639392550,706901,544
1785626008.639392550,709153,930
1785626009.077916953,2415310,635
1785626009.077916953,2418383,508
1785626009.077916953,2415327,19
1785626009.077916953,2874859,52
1785626009.077916953,706901,544
1785626009.077916953,709153,930
1785626009.465797197,2415310,635
1785626009.465797197,2418383,508
1785626009.465797197,2415327,19
1785626009.465797197,2874859,52
1785626009.465797197,706901,544
1785626009.465797197,709153,930
1785626009.855231766,2415310,635
1785626009.855231766,2418383,508
1785626009.855231766,2415327,19
1785626009.855231766,2874859,52
1785626009.855231766,706901,544
1785626009.855231766,709153,930
1785626010.250263127,2415310,635
1785626010.250263127,2418383,508
1785626010.250263127,2415327,19
1785626010.250263127,2874859,52
1785626010.250263127,706901,544
1785626010.250263127,709153,930
1785626010.619550634,2415310,635
1785626010.619550634,2418383,508
1785626010.619550634,2415327,19
1785626010.619550634,2874859,52
1785626010.619550634,706901,544
1785626010.619550634,709153,930
1785626011.033237065,2415310,635
1785626011.033237065,2418383,508
1785626011.033237065,2415327,19
1785626011.033237065,2874859,52
1785626011.033237065,706901,544
1785626011.033237065,709153,930
1785626011.417495805,2415310,635
1785626011.417495805,2418383,508
1785626011.417495805,2415327,19
1785626011.417495805,2874859,52
1785626011.417495805,706901,544
1785626011.417495805,709153,930
1785626011.821697640,2415310,635
1785626011.821697640,2418383,508
1785626011.821697640,2415327,19
1785626011.821697640,2874859,52
1785626011.821697640,706901,544
1785626011.821697640,709153,930
1785626012.216746768,2415310,635
1785626012.216746768,2418383,508
1785626012.216746768,2415327,19
1785626012.216746768,2874859,52
1785626012.216746768,706901,544
1785626012.216746768,709153,930
1785626012.609332874,2415310,635
1785626012.609332874,2418383,508
1785626012.609332874,2415327,19
1785626012.609332874,2874859,52
1785626012.609332874,706901,544
1785626012.609332874,709153,930
1785626013.008328955,2415310,635
1785626013.008328955,2418383,508
1785626013.008328955,2415327,19
1785626013.008328955,2874859,52
1785626013.008328955,706901,544
1785626013.008328955,709153,930
1785626013.392399792,2415310,635
1785626013.392399792,2418383,508
1785626013.392399792,2415327,19
1785626013.392399792,2874859,52
1785626013.392399792,706901,544
1785626013.392399792,709153,930
1785626013.785974294,2415310,635
1785626013.785974294,2418383,508
1785626013.785974294,2415327,19
1785626013.785974294,2874859,52
1785626013.785974294,706901,544
1785626013.785974294,709153,932
1785626014.169337037,2415310,635
1785626014.169337037,2418383,508
1785626014.169337037,2415327,19
1785626014.169337037,2874859,52
1785626014.169337037,706901,544
1785626014.169337037,709153,932
1785626014.570679154,2415310,635
1785626014.570679154,2418383,508
1785626014.570679154,2415327,19
1785626014.570679154,2874859,52
1785626014.570679154,706901,544
1785626014.570679154,709153,932
1785626014.986153883,2415310,635
1785626014.986153883,2418383,508
1785626014.986153883,2415327,19
1785626014.986153883,2874859,52
1785626014.986153883,706901,544
1785626014.986153883,709153,932
1785626015.371722751,2415310,635
1785626015.371722751,2418383,508
1785626015.371722751,2415327,19
1785626015.371722751,2874859,52
1785626015.371722751,706901,544
1785626015.371722751,709153,932
1785626015.781661449,2415310,635
1785626015.781661449,2418383,508
1785626015.781661449,2415327,19
1785626015.781661449,2874859,52
1785626015.781661449,706901,544
1785626015.781661449,709153,932
1785626016.191082209,2415310,635
1785626016.191082209,2418383,508
1785626016.191082209,2415327,19
1785626016.191082209,2874859,52
1785626016.191082209,706901,544
1785626016.191082209,709153,932
1785626016.564077579,2415310,635
1785626016.564077579,2418383,508
1785626016.564077579,2415327,19
1785626016.564077579,2874859,52
1785626016.564077579,706901,544
1785626016.564077579,709153,932
1785626016.936765137,2415310,635
1785626016.936765137,2418383,508
1785626016.936765137,2415327,19
1785626016.936765137,2874859,52
1785626016.936765137,706901,544
1785626016.936765137,709153,932
1785626017.329730092,2415310,635
1785626017.329730092,2418383,508
1785626017.329730092,2415327,19
1785626017.329730092,2874859,52
1785626017.329730092,706901,544
1785626017.329730092,709153,932
1785626017.732119243,2415310,635
1785626017.732119243,2418383,508
1785626017.732119243,2415327,19
1785626017.732119243,2874859,52
1785626017.732119243,706901,544
1785626017.732119243,709153,932
1785626018.137711027,2415310,635
1785626018.137711027,2418383,508
1785626018.137711027,2415327,19
1785626018.137711027,2874859,52
1785626018.137711027,706901,544
1785626018.137711027,709153,932
1785626018.542516930,2415310,635
1785626018.542516930,2418383,508
1785626018.542516930,2415327,19
1785626018.542516930,2874859,52
1785626018.542516930,706901,544
1785626018.542516930,709153,932
1785626018.995401698,2415310,635
1785626018.995401698,2418383,508
1785626018.995401698,2415327,19
1785626018.995401698,2874859,52
1785626018.995401698,706901,544
1785626018.995401698,709153,932
1785626019.390041821,2415310,635
1785626019.390041821,2418383,508
1785626019.390041821,2415327,19
1785626019.390041821,2874859,52
1785626019.390041821,706901,544
1785626019.390041821,709153,932
1785626019.769801829,2415310,635
1785626019.769801829,2418383,508
1785626019.769801829,2415327,19
1785626019.769801829,2874859,52
1785626019.769801829,706901,544
1785626019.769801829,709153,932
1785626020.201518000,2415310,635
1785626020.201518000,2418383,508
1785626020.201518000,2415327,19
1785626020.201518000,2874859,52
1785626020.201518000,706901,544
1785626020.201518000,709153,932
1785626020.577213819,2415310,635
1785626020.577213819,2418383,508
1785626020.577213819,2415327,19
1785626020.577213819,2874859,52
1785626020.577213819,706901,544
1785626020.577213819,709153,932
1785626020.961368602,2415310,635
1785626020.961368602,2418383,508
1785626020.961368602,2415327,19
1785626020.961368602,2874859,52
1785626020.961368602,706901,544
1785626020.961368602,709153,932
1785626021.335537216,2415310,635
1785626021.335537216,2418383,508
1785626021.335537216,2415327,19
1785626021.335537216,2874859,52
1785626021.335537216,706901,544
1785626021.335537216,709153,932
1785626021.728641932,2415310,635
1785626021.728641932,2418383,508
1785626021.728641932,2415327,19
1785626021.728641932,2874859,52
1785626021.728641932,706901,544
1785626021.728641932,709153,932
1785626022.103614864,2415310,635
1785626022.103614864,2418383,508
1785626022.103614864,2415327,19
1785626022.103614864,2874859,52
1785626022.103614864,706901,544
1785626022.103614864,709153,932
1785626022.481841858,2415310,635
1785626022.481841858,2418383,508
1785626022.481841858,2415327,19
1785626022.481841858,2874859,52
1785626022.481841858,706901,544
1785626022.481841858,709153,932
1785626022.897796839,2415310,635
1785626022.897796839,2418383,508
1785626022.897796839,2415327,19
1785626022.897796839,2874859,52
1785626022.897796839,706901,544
1785626022.897796839,709153,932
1785626023.275777782,2415310,635
1785626023.275777782,2418383,508
1785626023.275777782,2415327,19
1785626023.275777782,2874859,52
1785626023.275777782,706901,544
1785626023.275777782,709153,932
1785626023.674572971,2415310,635
1785626023.674572971,2418383,508
1785626023.674572971,2415327,19
1785626023.674572971,2874859,52
1785626023.674572971,706901,544
1785626023.674572971,709153,932
1785626024.078006361,2415310,635
1785626024.078006361,2418383,508
1785626024.078006361,2415327,19
1785626024.078006361,2874859,52
1785626024.078006361,706901,544
1785626024.078006361,709153,932
1785626024.488045570,2415310,635
1785626024.488045570,2418383,508
1785626024.488045570,2415327,19
1785626024.488045570,2874859,52
1785626024.488045570,706901,544
1785626024.488045570,709153,932
1785626024.934813424,2415310,635
1785626024.934813424,2418383,508
1785626024.934813424,2415327,19
1785626024.934813424,2874859,52
1785626024.934813424,706901,544
1785626024.934813424,709153,932
1785626025.373198248,2415310,635
1785626025.373198248,2418383,508
1785626025.373198248,2415327,19
1785626025.373198248,2874859,52
1785626025.373198248,706901,544
1785626025.373198248,709153,932
1785626025.781829881,2415310,635
1785626025.781829881,2418383,508
1785626025.781829881,2415327,19
1785626025.781829881,2874859,52
1785626025.781829881,706901,544
1785626025.781829881,709153,932
1785626026.161910461,2415310,635
1785626026.161910461,2418383,508
1785626026.161910461,2415327,19
1785626026.161910461,2874859,52
1785626026.161910461,706901,544
1785626026.161910461,709153,932
1785626026.577608295,2415310,635
1785626026.577608295,2418383,508
1785626026.577608295,2415327,19
1785626026.577608295,2874859,52
1785626026.577608295,706901,544
1785626026.577608295,709153,932
1785626027.017445542,2415310,635
1785626027.017445542,2418383,508
1785626027.017445542,2415327,19
1785626027.017445542,2874859,52
1785626027.017445542,706901,544
1785626027.017445542,709153,932
1785626027.422075931,2415310,635
1785626027.422075931,2418383,508
1785626027.422075931,2415327,19
1785626027.422075931,2874859,52
1785626027.422075931,706901,544
1785626027.422075931,709153,932
1785626027.803284126,2415310,635
1785626027.803284126,2418383,508
1785626027.803284126,2415327,19
1785626027.803284126,2874859,52
1785626027.803284126,706901,544
1785626027.803284126,709153,932
1785626028.225230051,2415310,635
1785626028.225230051,2418383,508
1785626028.225230051,2415327,19
1785626028.225230051,2874859,52
1785626028.225230051,706901,544
1785626028.225230051,709153,932
1785626028.624196066,2415310,635
1785626028.624196066,2418383,508
1785626028.624196066,2415327,19
1785626028.624196066,2874859,52
1785626028.624196066,706901,544
1785626028.624196066,709153,932
1785626029.002126825,2415310,635
1785626029.002126825,2418383,508
1785626029.002126825,2415327,19
1785626029.002126825,2874859,52
1785626029.002126825,706901,544
1785626029.002126825,709153,932
1785626029.409558555,2415310,635
1785626029.409558555,2418383,508
1785626029.409558555,2415327,19
1785626029.409558555,2874859,52
1785626029.409558555,706901,544
1785626029.409558555,709153,932
1785626029.802362648,2415310,635
1785626029.802362648,2418383,508
1785626029.802362648,2415327,19
1785626029.802362648,2874859,52
1785626029.802362648,706901,544
1785626029.802362648,709153,932
1785626030.210916765,2415310,635
1785626030.210916765,2418383,508
1785626030.210916765,2415327,19
1785626030.210916765,2874859,52
1785626030.210916765,706901,544
1785626030.210916765,709153,932
1785626030.607833390,2415310,635
1785626030.607833390,2418383,508
1785626030.607833390,2415327,19
1785626030.607833390,2874859,52
1785626030.607833390,706901,544
1785626030.607833390,709153,932
1785626031.040078386,2415310,635
1785626031.040078386,2418383,508
1785626031.040078386,2415327,19
1785626031.040078386,2874859,52
1785626031.040078386,706901,544
1785626031.040078386,709153,932
1785626031.460840943,2415310,635
1785626031.460840943,2418383,508
1785626031.460840943,2415327,19
1785626031.460840943,2874859,52
1785626031.460840943,706901,544
1785626031.460840943,709153,932
1785626031.867738920,2415310,635
1785626031.867738920,2418383,508
1785626031.867738920,2415327,19
1785626031.867738920,2874859,52
1785626031.867738920,706901,544
1785626031.867738920,709153,932
1785626032.252854207,2415310,635
1785626032.252854207,2418383,508
1785626032.252854207,2415327,19
1785626032.252854207,2874859,52
1785626032.252854207,706901,544
1785626032.252854207,709153,932
1785626032.644103434,2415310,635
1785626032.644103434,2418383,508
1785626032.644103434,2415327,19
1785626032.644103434,2874859,52
1785626032.644103434,706901,544
1785626032.644103434,709153,966
1785626033.062854087,2415310,635
1785626033.062854087,2418383,508
1785626033.062854087,2415327,19
1785626033.062854087,2874859,52
1785626033.062854087,706901,544
1785626033.062854087,709153,1076
1785626033.478884340,2415310,635
1785626033.478884340,2418383,508
1785626033.478884340,2415327,19
1785626033.478884340,2874859,52
1785626033.478884340,706901,544
1785626033.478884340,709153,936
1785626033.864981303,2415310,635
1785626033.864981303,2418383,508
1785626033.864981303,2415327,19
1785626033.864981303,2874859,52
1785626033.864981303,706901,544
1785626033.864981303,709153,936
1785626034.282112431,2415310,635
1785626034.282112431,2418383,508
1785626034.282112431,2415327,19
1785626034.282112431,2874859,52
1785626034.282112431,706901,544
1785626034.282112431,709153,936
1785626034.684128341,2415310,635
1785626034.684128341,2418383,508
1785626034.684128341,2415327,19
1785626034.684128341,2874859,52
1785626034.684128341,706901,544
1785626034.684128341,709153,934
1785626035.077560749,2415310,635
1785626035.077560749,2418383,508
1785626035.077560749,2415327,19
1785626035.077560749,2874859,52
1785626035.077560749,706901,544
1785626035.077560749,709153,934
1785626035.456275045,2415310,635
1785626035.456275045,2418383,508
1785626035.456275045,2415327,19
1785626035.456275045,2874859,52
1785626035.456275045,706901,544
1785626035.456275045,709153,934
1785626035.824509690,2415310,635
1785626035.824509690,2418383,508
1785626035.824509690,2415327,19
1785626035.824509690,2874859,52
1785626035.824509690,706901,544
1785626035.824509690,709153,934
1785626036.265433500,2415310,635
1785626036.265433500,2418383,508
1785626036.265433500,2415327,19
1785626036.265433500,2874859,52
1785626036.265433500,706901,544
1785626036.687170071,2415310,635
1785626036.687170071,2418383,508
1785626036.687170071,2415327,19
1785626036.687170071,2874859,52
1785626036.687170071,706901,544
1785626037.043463607,2415310,635
1785626037.043463607,2418383,508
1785626037.043463607,2415327,19
1785626037.043463607,2874859,52
1785626037.043463607,706901,544
1785626037.411972975,2415310,635
1785626037.411972975,2418383,508
1785626037.411972975,2415327,19
1785626037.411972975,2874859,52
1785626037.411972975,706901,544
1785626037.805918694,2415310,635
1785626037.805918694,2418383,508
1785626037.805918694,2415327,19
1785626037.805918694,2874859,52
1785626037.805918694,706901,544
1785626038.180789544,2415310,635
1785626038.180789544,2418383,508
1785626038.180789544,2415327,19
1785626038.180789544,2874859,52
1785626038.180789544,706901,544
